id,name,cod,country_iso,address,deleted
1,Abengoa Peru SA,23,PE,San Isidro,1
2,AGRICOLA SANTA REGINA S.A.C.,32,PE,SAN ISIDRO,1
3,Agroexportaciones Manuelita SAC,342,PE,Lima,1
4,Agrolmos SA,324,PE,Casa Grande,1
5,Aguas de Bayovar SAC,324,PE,San Isidro,1
6,Aguaytia Energy Del Peru S R L,34,PE,Lima,1
7,Ajinomoto Del Peru SA,3423,PE,Lima,1
8,Alcoa Corp,3432,PE,New York,1
9,Alicorp S.A.A,32,PE,Carmen de la Legua Reynoso,1
10,Andean Power S.A.C.,324,PE,Santiago de Surco,1
11,Aruntani S.A.C.,324,PE,San Isidro,1
12,Atria Energia (GCZ Ingenieros),324,PE,Villa El Salvador,1
13,AW Faber Castell Peruana SA,543,PE,Lima,1
14,Banco De Credito Del Peru,6,PE,Lima,1
15,Bopp Del Ecuador,534,PE,Quito,1
16,Cal & Cemento Sur S.A.,45,PE,Juliaca,1
17,Carlos Koch Prattes SA,3453,PE,La Victoria,1
18,Catalina Huanca Sociedad Minera Sac,324,PE,San Isidro,1
19,Cemento Yura S.A,234,PE,Cercado De Lima,1
20,Cementos Pacasmayo SAA,324,PE,Lima,1
21,Cementos Selva SA,24,PE,Rioja,1
22,Ceramica Lima SA,234,PE,Santiago de Surco,1
23,Ceramica San Lorenzo S.a.c.,32423,PE,Lurin,1
24,Ceramicos Peruanos SA,4234,PE,Lima,1
25,Cia Minera Ares S.A.,4234,PE,Lima,1
26,CIA Minera San Ignacio De Morococha,234,PE,Moquegua,1
27,Cobra Peru SA,432,PE,Callao,1
28,Compania De Minas Buenaventura S.A.A.,234,PE,San Isidro,1
29,Compania Electro Andina SAC,324,PE,Los Olivos,1
30,Compania Minera Antamina,324,PE,Huari,1
31,Compania Minera Antamina S.A.,20330262428,PE,Av. el Derby Nro. 055 Dpto. 801 (Torre 1) Lima,0
32,Compania Minera Antapaccay S.A.,342,PE,Espinar,1
33,Compania Minera Casapalca SA,432,PE,Magdalena del Mar,1
34,Compania Minera Condestable S.A,32432,PE,Santiago de Surco,1
35,Compania Minera Kolpa,23423,PE,Miraflores,1
36,Compania Minera Miski Mayo S.r.l.,4332,PE,Piura,1
37,Compania Minera Poderosa S.A.,324,PE,Lima,1
38,Compania Minera Raura SA,234,PE,Lima,1
39,Compania Quimica SA,324,PE,Callao,1
40,Comunidad Industrial Mepsa,324,PE,Lima,1
41,Consorcio Constructor Alto Cayma,342,PE,Lima,1
42,Consorcio Electrico De Villacuri SAC,3243,PE,Ica,1
43,Consorcio Energetico De Huancavelica SA,342,PE,San Isidro,1
44,Consorcio Minero Horizonte SA,324,PE,San Borja,1
45,Consorcio San Alejandro Neshuya,324,PE,Ucayali,1
46,Consorcio Transmantaro S.A.,432,PE,Lima,1
47,Construtora Oas Ltda. Sucursal Del Peru,324,PE,Lima,1
48,Contour Global Peru SAC,234,PE,Talara,1
49,Corporacion Aceros Arequipa S.A. - Cerro Colorado,324,PE,Cerro Colorado,1
50,Corporacion Aceros Arequipa S.A. -Pisco,6545,PE,Pisco,1
51,Corporacion Pesquera Inca SA,564,PE,La Victoria,1
52,Doe Run Peru S.r.l.,645,PE,Lima,1
53,EDEESTE,567,PE,Lima,1
54,Electro Antapata S.A.C.,56756756,PE,SAN ISIDRO,1
55,Electro Dunas S.A.A.,75675,PE,La Angostura,1
56,Electro Oriente SA,8768678,PE,Loreto,1
57,Electro Sur Este S.A.A,76867,PE,Santiago Cusco,1
58,Electrocentro S.A,6876,PE,Cercado Junin,1
59,Electronoroeste SA,7568,PE,Piura,1
60,Electronorte S.A.,56,PE,Chiclayo,1
61,Electrosur S.A.,456,PE,Tacna,1
62,Empresa Administradora Chungar SAC,6456,PE,Lima,1
63,Empresa Concesionaria De Electricidad De Ucayali SA,45645,PE,Pucallpa,1
64,Empresa De Generacion Electrica De Arequipa SA,4564,PE,Arequipa,1
65,Empresa De Generacion Eléctrica De Chilca,546,PE,Chilca,1
66,Empresa de Generacion Electrica del Sur SA,76867,PE,Tacna,1
67,Empresa de Generacion Electrica Machupicchu SA,635,PE,Cusco,1
68,Empresa de Generacion Electrica San Gaban SA,56756,PE,Carabaya,1
69,Empresa de Generación Eléctrica Santa Ana S.r.l.,8768,PE,Santiago De Surco,1
70,Empresa de Generacion Electrica Santa Lorenza SAC,766456,PE,Puente Piedra,1
71,Empresa Electrica Rio Doble SA,6546,PE,Lima,1
72,Empresa Electricidad del Peru - Electroperu SA,345,PE,Lima,1
73,Empresa Generacion Huallaga S.A.,54645,PE,Lima,1
74,Empresa Minera Los Quenuales S.A,345,PE,Lima,1
75,Empresa Regional de Servicio Publico de Electricidad de Puno S.A.A.,456,PE,Puno,1
76,Empresa Siderurgica del Peru S.A.A.,7657,PE,Lima,1
77,Enel Distribucion Peru S.A.A,3456,PE,San Miguel,1
78,Enel Generacion de Piura S.A.A.,56464,PE,Piura,1
79,Enel Generacion Peru S.A.A.,76876,PE,San Miguel,1
80,Engie Energia Peru S.A.,5364,PE,Lima,1
81,Eps Sedacusco SA,3453534,PE,Cusco,1
82,Fabrica Nacional De Acumuladores Etna SA,76,PE,Independencia,1
83,Fabrica Peruana Eternit SA,56756,PE,Cercado De Lima,1
84,Fashion Center SA,8768,PE,Miraflores,1
85,Gloria SA,5675,PE,Lima,1
86,Gold Fields La Cima SA,4564,PE,Santiago De Surco,1
87,Grana Y Montero Petrolera S.A.,353453,PE,Lima,1
88,GRANA Y MONTERO S.A.A.,456456,PE,Surquillo,1
89,GRUPO AMSA,6756,PE,Lima,1
90,Hidrandina SA,6456546,PE,Trujillo,1
91,HOLDING CONTINENTAL S.A.,657657,PE,LIMA,1
92,Huaura Power Group S.A.,546,PE,San Isidro,1
93,Hudbay Peru SAC,65756756,PE,Santiago De Surco,1
94,Hunt Oil Company of Peru,67,PE,San Isidro,1
95,IBM Del Peru SA,6575,PE,La Molina,1
96,IC Power S.A,567,PE,San Isidro,1
97,IC Power-Group,56756,PE,Israel,1
98,ICE INGENIEROS CONSULTORES Y EJECUTORES SA,765756,PE,San Isidro,1
99,Indeco SA,765756,PE,Lima,1
100,Industrias Cachimayo S.A.,20507447369,PE,Av. Agustin Gamarra Nro. 100 (Planta Industrial); Cusco,0
101,Instituto Cultural Peruano Norteamericano,765756,PE,Miraflores,1
102,Kallpa Generacion SA,765756,PE,San Isidro,1
103,Kimberly-Clark Peru SA,765756,PE,Lima,1
104,La Colonial Fabrica De Hilos SA,765756,PE,Callao,1
105,LA VIRGEN SOCIEDAD ANONIMA CERRADA- LA VIRGEN S.A.C.,765756,PE,Miraflores,1
106,Lima Airport Partners S.r.l.,765756,PE,Callao,1
107,Luz Del Sur S.A.A.,20331898008,PE,San Isidro,1
108,Marcobre SAC,20508972734,PE,LIMA,1
109,Messer Group GmbH,765756,PE,Krefeld,1
110,Minera Aurifera Retamas SA,765756,PE,Trujillo,1
111,Minera Barrick Misquichilca S.A.,765756,PE,Santiago De Surco,1
112,Minera Bateas S A C,765756,PE,Lima,1
113,Minera Chinalco Peru SA,765756,PE,Santiago de Surco,1
114,Minera Las Bambas SA,765756,PE,Santiago de Surco,1
115,Minera Shuntur S A C,765756,PE,San Miguel,1
116,Minera Yanacocha S.r.l.,765756,PE,Miraflores,1
117,MINSUR,765756,PE,San Borja,1
118,Moly Cop Adesur SA,765756,PE,Arequipa,1
119,Montana S.A.,765756,PE,LIMA,1
120,Neptunia SA,765756,PE,Callao,1
121,Nestle Peru S.A.,765756,PE,Ate,1
122,Nexa Resources Cajamarquilla S.A.,765756,PE,San Juan de Lurigancho,1
123,Nexa Resources Cerro Lindo,765756,PE,Chincha,1
124,Nexa Resources El Povenir,765756,PE,Pueb Milpo,1
125,Nexa Resources Peru S.A.A,76575,PE,Lima,1
126,ONTARIO QUINTA S.R.L.,765756,PE,Lima,1
127,Optimizacion Energetica SAC,765756,PE,Lima,1
128,Orazul Energy Peru S.A.,765756,PE,San Isidro,1
129,Pan American Silver Peru S.A.,765756,PE,Lima,1
130,Papelera Del Sur SA,765756,PE,Chincha Baja,1
131,PEABB,765756,PE,Lima,1
132,Pesquera Diamante S.A.,765756,PE,Callao,1
133,Petroleos Del Peru S.A.,765756,PE,Lima,1
134,Pluspetrol Energy SA,765756,PE,Buenos Aires,1
135,Praxair Peru SA,765756,PE,Callao,1
136,Procesadora Torre Blanca S.A.,765756,PE,Chancay,1
137,Productos Tissue del Peru SA,765756,PE,Santa Anita,1
138,Quimpac Corp S.A.C.,765756,PE,Callao,1
139,Ransa Comercial S.A.,765756,PE,Callao,1
140,Cliente Demo3,2060210331,PE,Lima,1
141,Repsol S.A.,765756,PE,Madrid,1
142,San Miguel Industrial SA,765756,PE,Lima,1
143,SDE Piura SAC,765756,PE,Piura,1
144,Shougang Generacion Electrica SAA,765756,PE,Lima,1
145,Shougang Hierro Peru S A A,765756,PE,Lima,1
146,Sindicato Energetico SA,765756,PE,San Isidro,1
147,SN Power Peru SA,765756,PE,San Isidro,1
148,Sociedad Electricas Del Sur Oeste SA,765756,PE,Arequipa,1
149,SOCIEDAD MINERA AUSTRIA DUVAZ S.A.,765756,PE,Lima,1
150,Sociedad Minera Cerro Verde S.A.A.,765756,PE,Uchumayo,1
151,Sociedad Minera El Brocal SAA,765756,PE,Lima Province,1
152,Southern Peru Copper Corporation,20100147514,PE,Cuajone,1
153,Southern Peru Copper Corporation,765756,PE,Ilo,1
154,Southern Peru Copper Corporation,765756,PE,Toquepala,1
155,Statkraft Peru SA,765756,PE,San Isidro,1
156,Sudamericana De Fibras SA,765756,PE,Callao,1
157,SUNSHINE EXPORT S.A.,765756,PE,San Isidro,1
158,Tecnologia Aplicada S.A.,765756,PE,unknown,1
159,Tejidos San Jacinto SA,765756,PE,Lima,1
160,Tenedora de Acciones de REDESUR S.A.,765756,PE,Alcobendas,1
161,Termochilca SAC,765756,PE,San Isidro,1
162,Textiles Camones SA,765756,PE,Puente Piedra,1
163,Trevali Peru SAC,765756,PE,San Borja,1
164,Trupal SA,765756,PE,Cercado De Lima,1
165,Union Andina de Cementos SAA,765756,PE,La Victoria,1
166,Union Andina de Cementos SAA,765756,PE,Lima,1
167,Union de Cervecerias Peruanas Backus y Johnston S.A.A.,765756,PE,Lima,1
168,Universidad de Lima,20107798049,PE,"AV. JAVIER PRADO ESTE 4600, URB. FUNDO MONTERRICO CHICO, SANTIAGO DE SURCO, LIMA",0
169,Volcan Compania Minera S.A.A.,765756,PE,Lima,1
170,EMPRESA DE GENERACION ELECTRICA SAN GABAN S.A.,20262221335,PE,AV. FLORAL NRO. 245 BARRIO BELLAVISTA PUNO - PUNO - PUNO,0
171,EEP - Empresa de Energía de Pereira,816002019,CO,cra. 10 No. 17 – 35 Edificio Torre Central de Pereira - Risaralda - Colombia,0
172,EMCALI - Empresas municipales de Cali,890399003,CO,Centro Administrativo Municipal-CAM TORRE EMCALI piso 3° de Cali - Valle del Cauca - Colombia,0
173,DEMO - ANTAMINA,20602195321,PE,Lima,1
174,AFINIA - Caribemar de la Costa (Grupo EPM),901380949,CO,"CARRERA 13 B 26 EDIFICIO CHAMBACU PISO 3, Cartagena - Atlantico -Colombia",0
175,Marcobre SA,20508972734,PE,Jr. Giovanni Batista Lorenzo Nro. 149 Int. 301; San Borja,0
176,SOCIEDAD MINERA CERRO VERDE S.A.A.,20170072465,PE,Cal. Jacinto Ibañez Nro. 315; Arequipa,0
177,SOUTHERN PERU COPPER CORPORATION,20100147514,PE,Av. Caminos del Inca Nro. 171; Lima,0
178,CLIENTE DEMO,202466484,PE,Lima,0
179,LUZ DEL SUR S.A.A.,20331898008,PE,Av. Canaval y Moreyra Nro. 380 - San Isidro - Lima,0
180,Tecnológica de Alimentos S.A.,20100971772,PE,Jr. Vittore Scarpazza Carpaccio 250 Urb. San Borja Norte - San Borja - Lima,0
181,CMSA / SOUTH  Cerro Matosso SA,860069378,CO,"CALLE 113 7 21 TORRE A OF 509 , BOGOTA - Colombia",0
182,ELECTRODUNAS,20106156400,PE,Car. Panamericana Sur Nro. S/n,0
183,Textiles Camones S.A.,20293847038,PE,Av. Santa Josefina Nro. 527; Pte Piedra; Lima,0
184,SAMAY I S.A.,20537698889,PE,CAL. LAS PALMERAS NRO. 435 INT. 701,0
185,DRUMMOND LTD,800021308,CO,"CALLE 72 10 07 OF 1302, BOGOTA",0
186,TABLEMAC,900338494,CO,"VIA HATILLO KM 1.3 CABECERA MUNICIPAL BARBOSA, ANTIOQUIA - COLOMBIA",0
187,ISA,900667590,CO,"CALLE 12 SUR CR 18 168 BLOQUE 1 PISO 2 Y 3, MEDELLIN - ANTIOQUIA - COLOMBIA",0
188,NEXA RESOURCES - CERRO LINDO,20100110513,PE,CHINCHA,0
189,ISA TRANSELCA,802007669,CO,"CR 24 NO.1A-24 ED.BC EMPRESARIAL PISO 18, BARRANQUILLA; ATLANTICO - COLOMBIA",0
190,AIR-E S.A.S. E.S.P.,901380930,CO,"CR 57 NO 99 A - 65 TO SUR PI 302, BARRANQUILLA, ATLANTICO - COLOMBIA",0
191,CLIENTE DEMOSTRACION,20100022142,PE,AV. LIMA 2022,1
192,NEOENERGIA ATIBAIA TRANSMISSAO DE ENERGIA S.A.,27848099,BR,"ESTRADA MUNICIPAL RODOLPHO POLYDORI, Nº50 BAIRRO DA BOA VISTA, ATIBAIA/SP CEP: 12954-895",0
193,LINDE PERU S.R.L.,20338570041,PE,AV. ALFREDO BENAVIDES NRO. 801 INT. PI11,0
194,EMPRESA DE TRANSMISION AYMARAES S.A.C.,20547365331,PE,CAL. LA COLONIA NRO. 180,0
195,PLANTA DE RESERVA FRIA DE GENERACIÓN DE ETEN S.A.,20544229118,PE,CAL. AMADOR MERINO REYNA NRO. 267 INT. 902,0
196,PRIME TERMOFLORES S A S E S P,8301136307,CO,"VIA 40 85 555 EN LA CIUDAD DE BARRANQUILLA, ATLANTICO - COLOMBIA",0
197,VOLCAN COMPANIA MINERA,20383045267,PE,AV. MANUEL OLGUIN NRO. 375,0
198,TERMOBARRANQUILLA EMPRESA DE SERVICIOS PUBLICOS TEBSA S A E S P,8002457461,CO,"CL. 18 #39-250, SOLEDAD, ATLÁNTICO - COLOMBIA",0
199,EMPRESA DE GENERACIÓN ELÉCTRICA AREQUIPA S.A.,20216293593,PE,"PJ. RIPACHA NRO. 101, AREQUIPA",0
200,CEMENTOS SELVA S.A.C.,20489174023,PE,AR. FERNANDO BELAUNDE TERRY KM. 468,0
201,ENERGIA EOLICA S.A.,20517049086,PE,AV. RICARDO PALMA NRO. 341 INT. 306,0
202,YURA S.A.,20312372895,PE,CAR. CARRETERA A YURA KM. 26 (ESTACION YURA),0
203,ELECTROCENTRO S.A.,20129646099,PE,JR. AMAZONAS NRO. 641,0
204,FENIX POWER PERU S.A.,20509514641,PE,AV. ANTONIO MIRÓ QUESADA NRO. 425 INT. 1203,0
205,NEXA RESOURCES CAJAMARQUILLA S.A.,20261677955,PE,CAR. CAR. CENTRAL NRO. 9.5 CAJAMARQUILLA (CARR.CENTRAL KM.9.5 DESVIO A HUACHIPA),0
206,HUDBAY PERU S.A.C.,20511165181,PE,"AV. JORGE CHAVEZ NRO. 235 DPTO. 701, MIRAFLORES, LIMA, PERÚ",0
207,COMPAÑIA DE MINAS BUENAVENTURA S.A.A.,20100079501,PE,CAL. LAS BEGONIAS NRO. 415 INT. P-19 (RECEPCION PISO 19),0
208,Engie Energia Peru S.A.,20333363900,PE,AV. REPUBLICA DE PANAMA NRO. 3490,0
209,DEMO - MARCOBRE,205089727341,PE,LIMA,1
210,RED DE ENERGIA DEL PERU,20504645046,PE,AV. JUAN DE ARONA NRO. 720 DPTO. 601,0
211,CORPORACION ACEROS AREQUIPA,20370146994,PE,CAR. PANAMERICANA SUR NRO. 241 PANAMERICANA SUR,0
212,CENTRAL HIDROELECTRICA DE CALDAS - CHEC,890800128,CO,"ESTACIÓN URIBE KM 2 AUTOPISTA DEL CAFÉ. MANIZALES, CALDAS - COLOMBIA",0
213,HITACHI - MANTENIMIENTO DOSQUEBRADAS,8600035639,CO,"CL 16 15-124 ZONA INDUSTRIAL LA POPA DOSQ / PEREIRA, RISARALDA COLOMBIA",0
214,CASL TRINIDAD Y TOBAGO,1234567879,TT,"TRINIDAD, MAR CARIBE",0
215,ECOPETROL,899999068,CO,"CARRERA 13 NO. 36-24 PISO 12, BOGOTA - COLOMBIA",0
216,DURATEX - TABLEMAC,8000470313,CO,"CALLE 16 55 129 CC DE MODA OUTLET, MEDELLIN, ANTIOQUIA - COLOMBIA",0
217,FABRICA PERUANA ETERNIT S.A.,20100051240,PE,"Ecuador 448, Lima 15079, Perú",0
218,CONSORCIO MINERO HORIZONTE S.R.L.,20136150473,PE,"JR. CRANE 102, SAN BORJA, LIMA - PERU",0
219,FUNDICION VENTANILLA S.A.,20100014808,PE,CAL.NUEVE NRO. 222 URB. IND. OQUENDO PROV. CONST. DEL CALLAO - PROV. CONST. DEL CALLAO - CALLAO,0
220,INDUVECA S. A.,122011226,DO,AVENIDA PEDRO RIVERA A. 7015,0
221,JAMALCO - JAMAICA ALUMINIUM COMPANY,123456789,JM,"HALSE HALL, CLARENDON - JAMAICA W. I. PO BOX 64",0
222,INE - INVERSIONES ENERGETICAS S.A. DE CV,1234678,SV,"COLONIA Y CALLE LA MASCOTA, NO. 261, SAN SALVADOR, EL SALVADOR",0
223,KALLPA GENERACION S.A.,20538810682,PE,CAL. LAS PALMERAS NRO. 435 INT. 701,0
224,MINERA AURIFERA RETAMAS S.A.,20132367800,PE,CAR. VIA DE EVITAMIENTO KM. 576 A.H. HUANCHAQUITO ALTO (COSTADO DE VILLA SOFIA) - HUANCHACO - TRUJILLO - LA LIBERTAD,0
225,HIDROELECTRICA HUANCHOR S.A.C.,20546236073,PE,AV. MANUEL OLGUIN NRO. 375,0
226,TJ H2B LATINA S.A.C.,20392871617,PE,Cal. 3 Nro. 177 Urb. Grimanesa - Callao.,0
227,QUIMPAC S.A,20330791501,PE,Av. Nestor Gambetta Nro. 8583. Callao,0
228,ENEL DISTRIBUCION PERU S.A.A,20269985900,PE,Paseo del Bosque Nro. 500 San Borja. Lima,0
229,LUNDIN GOLD ECUADOR,12345678,CO,"AV. AMAZONAS N37-29 Y UNP EDIFICIO EUROCENTER, PISO 5 QUITO, PICHINCHA, ECUADOR",0
230,CYRUS ENERGIA Y PROYECTOS E.I.R.L,20552287798,PE,Pj. Enrique Guimaraes Nro. 267 Int. B. San Miguel. Lima,0
231,TREN URBANO DE LIMA S.A.,20543011976,PE,Av. Petit Thouars Nro. 4957 - Miraflores - Lima,0
232,COMPAÑIA MINERA PODEROSA S.A.,20137025354,PE,"Av. La Floresta 497, Piso 5, Urb. Chacarilla - Lima",0
233,ASTM INTERNACIONAL,SN,US,"100 Barr Harbor P.o. Box C700 West Conshohocken, Pa 19428",0
234,Sistemas Fotovoltaicos de Honduras S.A. (FOTERSA),08019013556123,HN,"Finca La Flor, Aldea el Carrizo, Choluteca. Honduras",0
235,"Soluciones Energéticas Renovables, S. A. de C. V. (SERSA)",05019998175170,HN,"Choluteca, Honduras",0
236,CONSORCIO TRANSMANTARO S.A.,20383316473,PE,AV. JUAN DE ARONA URB. CHACARILLA SANTA CRUZ 720 DPTO. 601 SAN ISIDRO - LIMA - LIMA,0
237,Sindicato Energetico S.A. (SINERSA),20256391202,PE,Av. del Ejercito Nro. 250 Int. 403,0
238,LUZ AMERICA INGENIEROS - LUZAM,20362322261,PE,TARAPOTO,0
239,URRÁ S.A. E.S.P.,800175746,CO,"OFICINA: CRA 2 NO. 48-08 MONTERÍA. CÓDIGO POSTAL: 23001, COLOMBIA",0
240,APTIM PERU SAC,20601961009,PE,Cal. Calle 2 - Zona B-1 Mza. A1 Lote. 2,0
241,CAL & CEMENTO SUR S.A. - CALCESUR,20115039262,PE,Carr. Juliaca Puno Hacienda Yungura.Km 11 San Roman - San Roman - Puno,0
242,MINERA YANACOCHA,20137291313,PE,Av. la Paz Nro. 1049 Int. 401 (Piso 4) - Miraflores - Lima,0
243,MAL CREADO\r\,99999999999,PE,0,1
244,HACIS S.R.L.,20600426380,PE,Urb.Santo Domingo Lt. 11 Mz B - Arequipa - Arequipa,0
245,LIMA AIRPORT PARTNERS SRL,20501577252,PE,Av. Elmer Faucett SN Callao - Callao,0
246,Hitachi Energy Peru,20604716331,PE,Av. Javier Prado Este Nro. 444 Int. 702,0
247,DENNKY S.A.C.,20608490991,PE,Calle Marcos Farfán N° 3393- Urb. Industrial Panamericana Norte - Independencia,0
248,ORYGEN PERU S.A.A.,20330791412,PE,PASEO DEL BOSQUE NRO. 500 - SAN BORJA - LIMA,0
249,RQF ELECTRO SERVICE SAC,20153430366,PE,Jr Jorge Chavez 155 - Breña,0
250,INLAND ENERGY SAC,20600676084,PE,AV. ENRIQUE CANAVAL Y MOREYRA URB. SANTA ANA 380 SAN ISIDRO - LIMA - LIMA,0
251,HITACHI ENERGY SUCURSAL PANAMA S. A.,5493001KJTIIGC8Y1R12,PA,"Edificio Plaza Fidanque, via Porras, Piso1, Local 102, Ciudad de Panamá",0
252,ENEE - EMPRESA NACIONAL DE EENRGÍA ELECTRICA,10000007,HN,"CENTRO CÍVICO GUBERNAMENTAL, CUERPO BAJO C, EDIFICIO TOLUPÁN. TEGUCIGALPA, FRANCISCO MORAZÁN HONDURAS.",0
253,CONSORCIO INTI PUNKU,20606458585,PE,Av. Petit Thouars Nro. 4957 Int. 401 Otr. Avenida - Miraflores - Lima,0
254,ANGLOAMERICAN CHILE,20545966183,CL,CHILE,0
255,BHP SPENCE,22222222222,CL,"SANTIAGO 234, CHILE",0
256,CONSORCIO ENERGETICO DE HUANCAVELICA S.A. - CONENHUA,20100094216,PE,Cal. Las Begonias Nro.. 415 Int. P-19 - San Isidro - Lima,0
257,SGS DEL PERU SAC,20100114349,PE,Av. Elmer Faucett Nro. 3348 - Callao,0
258,MINERA LA ZANJA S.R.L.,20507975977,PE,Calle Las Begonias Nº 415 - Piso 19 - San Isidro - Lima,0
259,MINERA CENTINELA,767277402,CL,"7550053 LAS CONDES, SANTIAGO METROPOLITAN REGION",0
260,MINERA LOS PELAMBRES,967902403,CL,AVDA LIBER BERNARDO O`HIGGINS 1409 · (2) 2421 2300,0
261,EMPRESA DE GENERACION HUANZA S.A.,20502432657,PE,Cal. Las Begonias Nro. 415 - San Isidro - Lima,0
262,WELLCO PERUANA S.A.,20137976171,PE,Jr. Conchucos 510 Otr. Barrios Altos - Lima,0
263,PLUSPETROL PERU CORPORATION S.A.,20304177552,PE,Cal. las Begonias Nro. 415 - San Isidro,0
264,GENERADORA METROPOLITANA,76.538.731-0,CL,Chile,0
265,HITACHI ENERGY CHILE S.A.,770637074,CL,"Alcantara 200, Piso 7, Comuna Las Condes",0
266,VISTONY COMPAÑIA INDUSTRIAL DEL PERU S.A.,20102306598,PE,Pque .Ind. de Anconacompia Lote 01 Mz B1 - Ancón - Lima,0
267,CONELSUR,20601047005,PE,AV. ARMENDARIZ NRO. 480 INT. 201,0
268,ILLAPU ENERGY S.A.,20524088739,PE,Av. República de Panamá N° 2461 Urb. Santa Catalina,0
269,HONNA S.R.L.,20413074801,PE,Mz. C Lote 11 Urb. la Melgariana - Jose Luis Bustamante y Rivero - Arequipa,0
270,ENEL GREEN POWER PANAMA,6266858352820,PA,"AV SAMUEL LEWIS, TORRE GENERAL, PISO 21 URBANIZACION OBARRIO, CIUDAD DE PANAMA",0
271,OIL & TRANSFORMERS SAC,20507313672,PE,Mz. N Lote 2 Coo. Santa Apolonia - San Martín de Porres,0
272,PAPELES NACIONALES SA - PANASA,891400378,CO,"PARAJE LA MARINA VIA PEREIRA - CARTAGO, PUERTO CALDAS - PEREIRA, RISARALDA - COLOMBIA",0
273,ELECTROHUILA S.A: ESP,891180001,CO,"COMPLEJO ECOLÓGICO EL BOTE, KM 1 VÍA PALERMO, NEIVA - HUILA, COLOMBIA",0
274,ROSEBEL GOLD MINES,100123456,CO,"ZIJIN, PARAMARIBO - SURINAM",0
275,FABRICA DE JABON LA CORONA,202451,US,MEXICO,0
276,"HITACHI ENERGY MEXICO, S.A. DE C.V.",549300STBQDD4Z21Q709,PE,"Avenida Central 405, Parque Logistico 78395 San Luis Potosi. México",0
277,COBEE,1020579023,PE,CALACOTO CALLE 15 N° 8099,0
278,LADRILLERA EL DIAMANTE S.A.C.,20120877055,PE,Car. Variante de Uchumayo Nro. 4 - Cerro Colorado - AREQUIPA,0
279,ELECTRO ORIENTE S.A.,20103795631,PE,Av. General EP Augusto Freyre Nro. 1168 LORETO - MAYNAS - IQUITOS,0
280,EMPRESA DE GENERACIÓN ELÉCTRICA DEL SUR,20279889208,PE,AV. EJERCITO NRO. SN SUB ESTACION DE PARA (COSTADO DE ESTACION ELECTROSUR),0
281,SAINT-GOBAIN AMERICA SA,90434,US,"CALLE ZAXATEPEC, MZ 42 L-3",0
282,ACT ENERGY MEXICO,29052024,US,CARRETERA LUIS GIL PEREZ,0
283,COMPAÑIA MINERA CRESPO S.A.C.,20612039551,PE,Av. Jose Galvez Barrenechea Nro. 560 Dpto. 201 Urb. Corpac - San Isidro - Lima,0
284,EMPRESA DE GENERACION ELECTRICA DE JUNIN S.A.C,20524522871,PE,Av. Pardo y Aliaga Nro. 699 Int. 701b,0
285,ELECTRICA OPTIMIZACION SA,20381213162,PE,Cal. las Golondrinas Nro. 447 -Santa Anita - Lima,0
286,UNION DE TECNICOS ELECTROMECANICOS S.A.C. - UNITELEC,20537471248,PE,Av. Guardia Civil Nro. 1321 Dpto. 903 (Cruce con Tomas Marzano),0
287,EMPRESA AMPOWER E.I.R.L.,20454351992,PE,"Mza. Q Lote. 4 - El Rosario II - Cerro Colorado - Arequipa, Perú",0
288,COMPANY ELECTROMECHANICAL OF POWER S.A.C - COSERPO,20550338620,PE,Mz.127 Lote. 11 A.H. Huascar - San Juan de Lurigancho - Lima,0
289,EMPRESA DE ENERGIA DEL QUINDIO S.A. E.S.P  - EDEQ,800052640,CO,"CARRERA 13 # 14-17, ARMENIA , DEPARTAMENTEO DEL QUINDIO, COLOMBIA",0
290,TECKNOTRON S.A.C.,20130882847,PE,Cal Iquitos Nro. 103 Urb. San Martin - Socabaya - Arequipa,0
291,JS ECOLOGY S.A.C.,20517300897,PE,Calle 03 Mz. E9 Lt. 8 Urb. Santa Maria III Etapa - Carabayllo - Lima,0
292,Proyectos y Soluciones Especializadas S.A.C. | Psole S.A.C.,20546639356,PE,Cal. Calle Ocho Mza. 30 Lote. 21 Urb. Satelite - Ventanilla - Callao,0
293,Compañía Minera Raura S.A.,20100163552,PE,Jr. Giovanni Batista Lorenzo Nro. 149 Int. 501a - San Borja - Lima,0
294,CELSIA S.A.,8110303227,CO,"CARRERA 43A 1A SUR-143 MEDELLIN, COLOMBIA",0
295,NUTRIEN,246843123,TT,"MEDITERRANEAN DRIVE, P O BAG 201, COUVA, POINT LISAS, TRINIDAD",0
296,ELECTRIM SERVICIOS E.I.R.L.,20514889890,PE,Cal. Calle Collasuyo Sub Lt B Mz. B. Los Ayllus - Ate - Lima,0
297,SIENERG SAC,20551270778,PE,Cal. Crisol Mza. E3 Lote. 16- Parque Industrial Parcela (Av. Solidaridad con Av. Crisol)- Villa el Salvador,0
298,COMPAÑIA NACIONAL DE FUERZA Y LUZ S.A.   CNFL,2689343434,CR,"10026-1000 SAN JOSÉ, COSTA RICA",0
299,REDESS S.A.C.,20532691924,PE,Mz. B Lote. 06 Comité 13 La Victoria - Samegua - Moquegua,0
300,PROMIGAS,890105526,CO,CALLE 66 NO. 67-123 BARRANQUILLA D.E.I.P. - COLOMBIA,0
301,ELECTRO ANTAPATA S.A.C.,20602190391,PE,Av. los Conquistadores Nro. 1144 Urb. Santa Cruz -San Isidro - Lima,0
302,SUDAMERICANA DE FIBRAS SA,20330791684,PE,Av. Coronel Nestor Gambetta Nro. 6815 - Callao,0
303,CONSORCIO ELECTRICO DE VILLACURI SAC - CVC ENERGÍA,20178344952,PE,CAR. PANAM. SUR NRO. 274 VALLE DE VILLACURI( FTE PEAJE),0
304,CEPM - CONSORCIO ENERGETICO PUNTA CANA-MACAO S.A.,101583401,DO,"AVENIDA ABRAHAM LINCOLN, NÚMERO 295, EDIFICIO CARIBALICO, PISO 3, LA JULIA, SANTO DOMINGO, DISTRITO NACIONAL, REPÚBLICA DOMINICANA",0
305,Sudamericana de Energía Piura SAC -SDE PIURA SAC,20525757961,PE,Av. Sanchez Cerro 234- Nro. 239 Dpto. 701 Z.I. Antigua,0
306,EPR SIEPAC NICARAGUA,1222025,NI,MANAGUA - NICARAGUA,0
307,SOLARIG PERU SAC,20602427111,PE,CAL. ALFREDO NARVAEZ URB. SANTA LEONOR 120 CHORRILLOS - LIMA - LIMA,0
308,PLUZ ENERGÍA PERÚ S.A.A.,20269985900.,PE,Paseo del Bosque Nro. 500 San Borja. Lima,0
309,COUNTER GLOBAL - COMPAÑIA ELECTRICA DE SOCHAGOTA S.A  ESP,800219925,CO,"KM 5 VIA PAIPA - TUNJA, DEPARTAMENTO DE BOYACA, COLOMBIA",0
310,CTR EXPORTS PRIVATE LIMITED,U013905MH2020PTC341528,IN,"PLOT AL 25 AND AL 26, FIVE STAR INDUSTRIAL AREA, SHENDRA, KUMBHEPHAL, AURANGABAD 431201, MAHARASHTRA",0
311,UNIVERSIDAD CATÓLICA SAN PABLO,20327998413,PE,"Urb. Campiña Paisajista, Quinta Vivanco s/n, Arequipa-Arequipa-Arequipa",0
312,CARBONES DEL CERREJON LTDA,860069804,CO,"CALLE 100 NO. 19-54 PISO 12 BOGOTA, COLOMBIA",0
313,MINSUR S. A.,20100136741,PE,Jr. Giovanni Batista Lorenzo Nro. 149 Int. 501a - San Borja - San Borja - Lima. Perú,0
314,ASR ENERGY SOLUTIONS S.A.C,20611875950,PE,CAL. 10 DE FEBRERO URB. VILLA HERMOSA MZA. A 2 LOTE. 13 SAN JUAN DE LURIGANCHO-LIMA-LIMA,0
315,THE BARBADOS LIGHT & POWER COMPANY LIMITED - BLPC,54185622,BB,"P.O. BOX 142, GARRISON HILL, ST. MICHAEL, BB11000, BARBADOS",0
316,AIR PRODUCTS PERU S.A.,20382072023,PE,AV. JORGE BASADRE NRO. 233 INT. 302,0
317,CEMENTOS SAN MARCOS SAS,9002331010,CO,"VIA CALI BUGA C SAN MARCOS KM 24, YUMBO, VALLE DEL CAUCA",0
318,Asociacion de los Testigos de Jehova,20160048043,PE,"Jr. el Cortijo Nro. 329, Monterrico Chico, Santiago de Surco, Lima - Perú",0
319,UNACEM,20100137390,PE,AV. CARLOS VILLARAN NRO. 508,0
320,Petróleos Mexicanos (PEMEX),PME380607P35,PE,"Avenida Marina Nacional #329, Colonia Petróleos Mexicanos, Alcaldía Miguel Hidalgo, C.P. 11311, Ciudad de México",0
321,MOTORES DIESEL ANDINOS S.A.- MODASA,20417926632,PE,Car. Antigua Panamericana Sur Km. 38.2 Lote. 3 Fnd. las Salinas - Lurín - Lima - Perú,0
322,VENTUS COLOMBIA SAS,901117282,CO,"CALLE 100 #19A-30 OFICINA 501, BOGOTÁ D.C.",0
323,TACNA SOLAR S.A.C.,20535630829,PE,Av. Felipe Pardo y Aliaga Nro. 699 Int. 701b,0
324,TERMOCHILCA S.A.S,20518630891,PE,Av. Republica de Colombia Nro. 791 Int. 602 (Santher Propietarios S.a.C.),0
325,MAJES ARCUS S.A.C.,20535654094,PE,"Av. Enrique Canaval y Moreyra Nro. 380, San Isidro, Lima, Perú",0
326,NORDEX Windpower Peru S.A.,20601518741,PE,Av. Santa Cruz Nro. 381 Dpto. 501,0
327,SUZUKI MOTOR DE COLOMBIA SA,891410137,CO,"KILÓMETRO 15 VÍA PEREIRA - CARTAGO, RISARALDA, COLOMBIA",0
328,ATLANTICA PERU S.A.,20556295876,PE,AV. EL DERBY NRO. 055 INT. 606,0
329,HOLOGIC SURGICAL COSTA RICA SA,3102348759,CR,"ZONA FRANCA COYOL, 200 METROS SUR DE LA REVISIÓN TÉCNICA VEHICULAR, EDIFICIO 562, PARK WAY, ALAJUELA, COSTA RICA",0
330,PAN-AM GENERATING LIMITED S.A.,155693567220201,PA,"OFICINA 1401, EDIFCIO CAPITAL PLAZA, PASEO ROBERTO MOTTA, COSTA DEL ESTE ; DEPARTAMENTO, PANAMA ; PAÍS, PANAMA",0
331,Parque Eolico Marcona S.A.C,20535543349,PE,Av. Canaval y Moreyra Nro. 380 Int. 1902,0
332,PARQUE EOLICO TRES HERMANAS S.A.C.,20545084687,PE,Av. Enrique Canaval y Moreyra Nro. 380,0
333,EISA (ELECTRO INDUSTRIAL S.A.),5403267133,PA,"CALL 77, TORRE BANITSMO, PISO 2 , SAN FRANCISCO, PANAMA",0
334,MEXICO GENERADORA DE ENERGIA,37081410,MX,MEXICO,0
335,MINERA LAS BAMBAS S.A.,20538428524,PE,"Av. el Derby Nro. 055 (Torre 3, Piso 9)",0
336,SOCIEDAD ELECTRICA DEL SUR OESTE S.A.,20100188628,PE,CONSUELO N° 310 - CERCADO AREQUIPA,0
337,ENFRAGEN TERMOVALLE SAS,8050033514,CO,KM 6VIA YUMBO-AEROPUERTO ZONA FRANCA DEL PACIFICO BG D  7-49 BRR MATAPALO - PALMIRA - VALLE DEL CAUCA,0
338,ENFRAGEN  TERMOCANDELARIA SAS,8060050085,CO,MAMONAL SECTOR ARROZ BARATO - CARTAGENA,0
339,TERMOELECTRICA EL TESORITO SAS - CELSIA,800249860,CO,"CARRERA 43A # 1A SUR – 143, PISO 5, MEDELLÍN, ANTIOQUIA",0
340,Empresa Siderurgica del Perú S.A.A.,20402885549,PE,AV. SANTIAG ANTUNEZ DE MAYOLO NRO. S/N Z.I. CHIMBOTE -ANCASH,0
341,HIDROBOL,1007121021,PE,BOLIVIA,0
342,STEPAN COLOMBIA SAS,8000448078,CO,"CALLE 98 9 A 21 PISO 6 EDIFICIO SIRACUSA, BOGOTA - COLOMBIA",0
343,DIMATIC SAC,20390583835,PE,CAL. EPSILON 214 CALLAO - CALLAO,0
344,SERVICIOS INDUSTRIALES DE LA MARINA S.A. - SIMA PERU,20100003351,PE,AV. CONTRALMIRANTE MORA NRO. 1102 BASE NAVAL - CALLAO,0
