id,customer_id,name,deleted
1,1,"ABENGOA PERU S.A.- SE FRANCOISE",0
2,1,"ABENGOA PERU S.A. - SE CHILCA",0
3,1,"SE MONTALVO- ENEL/CTM/ABENGOA",0
4,1,"ABENGOA PERU S.A. - SE SAN ISIDRO",0
5,1,"ABENGOA PERU S.A. - SE KIMAN AYLLU",0
6,1,"ABENGOA PERU S.A. - SE CARHUAMAYO",0
7,2,"Empresa Transmisora Eléctrica Catacaos",0
8,3,"Empresa Agroindustrial Laredo S. A. A.",0
9,4,"AGROLMOS S.A.",0
10,5,"AGUAS DE BAYOVAR",0
11,6,"EGENOR - Carhuaquero",0
12,7,"Ajinomoto del Perú S.A.",0
13,8,PERU,0
14,9,"Alicorp S.A.",0
15,10,"C.H. CARHUAC",0
16,11,"ARUNTANI S.A.C. - ARASI",0
17,11,"Minera Aruntani S.A.",0
18,12,"C.H. ZAÑA",0
19,12,"GCZ Ingenieros S.A.C",0
20,13,"A W Faber Castell Peruana S.A.",0
21,14,"BANCO DE CREDITO DEL PERU",0
22,15,"OPP FILM S.A. - PLANTA 2",0
23,16,"Cemento Sur S.A.",0
24,17,"CARLOS KOCH PRATTES S.A.",0
25,18,"Catalina Huanca",0
26,19,"YURA S.A.",0
27,76,"EMPRESA SIDERDURGICA DEL PERU S.A.A.",0
28,20,"Cementos Pacasmayo Planta Piura",0
29,20,"Cementos Pacasmayo S.A.",0
30,21,"Cementos Selva S.A.",0
31,22,"CELIMA - Ceramica Lima S.A.",0
32,23,"Ceramica San Lorenzo S.A.C.",0
33,24,"CERAMICOS PERUANOS S.A.",0
34,25,"CIA. MINERA ARES - SE ARCATA",0
35,25,"COMPAÑIA MINERA ARES S.A.C. - SE SELENE II",0
36,25,"COMPAÑIA MINERA ARES S.A.C. - SE QUELLOPATA",0
37,26,"SIMSA - Cia. Minera San Ignacio de Morococha",0
38,27,"Reserva Fria de Generación ETEN",0
39,28,"Consorcio Energético Huancavelica - Cajamarca Norte",0
40,28,"Compañia de Minas Buenaventura",0
41,28,"Minera La Zanja",0
42,29,"COMPAÑIA ELECTRO ANDINA",0
43,30,"CIA MINERA ANTAMINA-YANACANCHA",0
44,77,"ENEL distribución Peru",0
45,77,"EDELNOR - Maranga",0
46,77,"EDELNOR - Chancay (Peralvillo)",0
47,77,"SE Barsi- ENEL Distribución",0
48,31,"CIA MINERA ANTAMINA-PUERTO PUNTA LOBITOS",1
49,32,"MINERA TINTAYA",0
50,32,"COMPAÑIA MINERA ANTAPACCAY S.A.",0
51,78,"C.T. MALACAS - ENEL",0
52,79,"C.H. YANANGO - ENEL",0
53,33,"COMPANIA MINERA CASAPALCA S.A.",0
54,34,"CMC - Condestable",0
55,79,"C.H. CALLAHUANCA - ENEL",0
56,35,"COMPAÑIA MINERA KOLPA S.A.",0
57,36,"Compañía Minera Miski Mayo",0
58,37,"COMPAÑIA MINERA PODEROSA S.A.",0
59,38,"CIA. MINERA RAURA S.A",0
60,39,"Compañia Quimica S.A.",0
61,40,MEPSA,0
62,41,"CONSORCIO CONSTRUCTOR ALTO CAYMA",0
63,42,"COELVISAC - Cañas",0
64,42,"COELVISAC - Coelvisac I",0
65,43,"CONSORCIO ENERGETICO DE HUANCAVELICA S.A. - SE LOMERA",0
66,43,"SE Uchucchacua-Consorcio Energético Huancavelica",0
67,43,"CENTRAL HIDROELECTRICA HUAPA (CONENHUA)",0
68,43,"Consorcio Energético Huancavelica - Mallay",0
69,43,"Consorcio Energético de Huancavelica S.A.",0
70,43,"Consorcio Energetico Huancavelica SE Palmar",0
71,43,"Consorcio Energético Huancavelica SE Huanza",0
72,43,"Consorcio Energético Huancavelica SE Caudalosa Grande",0
73,43,"Consorcio Energético Huancavelica SE Ingenio",0
74,43,"CENTRAL HIDROELECTRICA TUCSIPAMPA (CONHENHUA)",0
75,43,"CENTRAL HIDORELECTRICA INGENIO (CONHENHUA)",0
76,43,"Consorcio Energético Huancavelica - ISCAYCRUZ",0
77,44,"CORI PUNO S.A.C.",0
78,44,"Consorcio Minero Horizonte",0
79,44,"AGUAS Y ENERGIA PERU S.A.",0
80,45,"Consorcio San Alejandro Neshuya",0
81,46,"CONSORCIO TRANSMANTARO-Carabayllo",0
82,46,"CONSORCIO TRANSMANTARO",0
83,47,"CONSTRUCTORA OAS LTDA. SUCURSAL DEL PERU",0
84,48,"CENTRAL EOLICA CUPISNIQUE",0
85,48,"CENTRAL EOLICA TALARA",0
86,49,"Corporación Aceros Arequipa S.A. - Planta Arequipa",0
87,50,"CORPORACION ACEROS AREQUIPA S.A.",0
88,51,"CORPORACION PESQUERA INCA S.A.C.",0
89,52,"Doe Run Perú S.R.L",0
90,53,"EDEESTE - Lima",0
91,54,"Electro Antapata",0
92,55,"ELECTRODUNAS - Pedregal",0
93,55,"ELECTRODUNAS - Alto De La Luna",0
94,55,"ELECTRODUNAS - Señor de Luren",0
95,55,"ELECTRODUNAS - Sta. Margarita",0
96,55,"ELECTRODUNAS - Ica Norte",0
97,55,"ELECTRODUNAS - El Carmen",0
98,55,"ELECTRODUNAS- Pueblo Nuevo",0
99,55,"ELECTRODUNAS - Tacama",0
100,55,"ELECTRODUNAS - Paracas",0
101,55,"ELECTRODUNAS - Pisco",0
102,55,"ELECTRODUNAS - Nasca",0
103,55,"ELECTRODUNAS - ICA",0
104,55,"ELECTRODUNAS - Llipata",0
105,55,"ELECTRODUNAS - Tambo de Mora",0
106,56,"ELECTRO ORIENTE - Tarapoto",0
107,56,"ELECTRO ORIENTE - Juanjui",0
108,56,"ELECTRO ORIENTE S.A.",0
109,56,"ELECTRO ORIENTE - Central Termica",0
110,56,"ELECTRO ORIENTE - Santa Rosa",0
111,56,"ELECTRO ORIENTE - Moyobamba",0
112,56,"ELECTRO ORIENTE - Bellavista",0
113,57,"ELECTRO SUR ESTE - Abancay",0
114,57,"ELECTRO SUR ESTE - Puerto Maldonado",0
115,57,"ELECTRO SUR ESTE - Oropeza",0
116,57,"ELECTRO SUR ESTE - Calca",0
117,57,"Sub Estación KITENI",0
118,57,"ELECTRO SUR ESTE - PAUCARTAMBO",0
119,57,"ELECTRO SUR ESTE - Mazuco",0
120,57,"ELECTRO SUR ESTE - Sicuani",0
121,57,"ELECTRO SUR ESTE - Urpipata",0
122,57,"ELECTRO SUR ESTE - Chalhuanca",0
123,57,"ELECTRO SUR ESTE - Santa Maria",0
124,57,"ELECTRO SUR ESTE - Huaro",0
125,57,"ELECTRO SUR ESTE - Pisac",0
126,57,"ELECTRO SUR ESTE - Urubamba",0
127,57,"ELECTRO SUR ESTE - Chahuares",0
128,57,"ELECTRO SUR ESTE - Andahuaylas",0
129,57,"ELECTRO SUR ESTE - Chuquibambilla",0
130,58,"ELECTROCENTRO - Ayacucho",0
131,58,"ELECTROCENTRO - Pasco",0
132,58,"ELECTROCENTRO - Chalhuamayo",0
133,58,"ELECTROCENTRO - Huariaca",0
134,58,"ELECTROCENTRO - Salesianos",0
135,58,"ELECTROCENTRO - Huancavelica Norte",0
136,58,"ELECTROCENTRO - Yaupi",0
137,58,"ELECTROCENTRO - Tablachaca",0
138,58,"ELECTROCENTRO - Oxapampa",0
139,58,"ELECTROCENTRO - Junín",0
140,58,"ELECTROCENTRO - Huancayo Este",0
141,58,"ELECTROCENTRO - Parque Industrial",0
142,58,"ELECTROCENTRO - Pichanaki",0
143,58,"ELECTROCENTRO - Huanta",0
144,58,"ELECTROCENTRO - Xauxa",0
145,58,"ELECTROCENTRO - Chupaca",0
146,58,"ELECTROCENTRO - Machahuay",0
147,58,"ELECTROCENTRO - Chanchamayo",0
148,58,"ELECTROCENTRO - Carhuamayo",0
149,58,"ELECTROCENTRO - Alto Marcavalle",0
150,58,"ELECTROCENTRO - Andaychagua",0
151,58,"ELECTROCENTRO - Concepción",0
152,58,"ELECTROCENTRO - Ninatambo",0
153,58,"ELECTROCENTRO - Huayucachi",0
154,58,"ELECTROCENTRO - Pampas",0
155,58,"ELECTROCENTRO - Pachacayo",0
156,58,"ELECTROCENTRO - Chala Nueva",0
157,58,"ELECTROCENTRO - Satipo",0
158,58,"ELECTROCENTRO - Cangallo",0
159,58,"ELECTROCENTRO - Goyllarisqui",0
160,58,"ELECTROCENTRO - Rumichaca",0
161,58,"ELECTROCENTRO - Curipata",0
162,59,"ELECTRONOROESTE - Chulucanas",0
163,59,"ELECTRONOROESTE - Paita",0
164,59,"ELECTRONOROESTE - Piura Centro",0
165,59,"ELECTRONOROESTE - Tumbes 1",0
166,59,"ELECTRONOROESTE - Castilla",0
167,59,"ELECTRONOROESTE - Zorritos",0
168,59,"ELECTRONOROESTE - Sechura",0
169,59,"ELECTRONOROESTE - El Arenal",0
170,59,"ELECTRONOROESTE - Loma Larga",0
171,59,"ELECTRONOROESTE - La Cruz",0
172,59,"ELECTRONOROESTE - Poechos",0
173,59,"ELECTRONOROESTE - Zarumilla",0
174,59,"ELECTRONOROESTE - Constante",0
175,59,"ELECTRONOROESTE - Puerto Pizarro",0
176,59,"ELECTRONOROESTE - Sullana",0
177,59,"ELECTRONOROESTE - Morropón",0
178,59,"ELECTRONOROESTE - Cabeza de Vaca",0
179,59,"ELECTRONOROESTE - La Unión",0
180,59,"ELECTRONOROESTE - Tierra Colorada",0
181,59,"ELECTRONOROESTE - Corrales",0
182,59,"ELECTRONOROESTE S.A.",0
183,60,"ELECTRONORTE - SE Lambayeque Sur",0
184,60,"ELECTRONORTE - Chiclayo Norte",0
185,60,"ELECTRONORTE - Olmos",0
186,60,"ELECTRONORTE S.A. - SE Chiclayo oeste",0
187,60,"ELECTRONORTE - Motupe",0
188,60,"ELECTRONORTE - Cayalti",0
189,60,"ELECTRONORTE - Tumán",0
190,60,"ELECTRONORTE - Pomalca",0
191,61,"ELECTROSUR - Tomasiri",0
192,61,"ELECTROSUR - Tacna",0
193,61,"ELECTROSUR - Parque Industrial",0
194,61,"ELECTROSUR - Yarada",0
195,61,"ELECTROSUR - Ilo",0
196,61,"ELECTROSUR - Puquina",0
197,61,"ELECTROSUR S.A.",0
198,62,"Empresa Administradora Chungar S.A.C.",0
199,63,"ELECTROUCAYALI - Yarina",0
200,63,"ELECTROUCAYALI - Pucallpa",0
201,63,"ELECTROUCAYALI - Parque Industrial",0
202,64,"EGASA - Charcani VI",0
203,64,"EGASA - Mollendo",0
204,64,"EGASA - Chilina",0
205,64,"EGASA - Charcani V",0
206,64,"EGASA - Charcani IV",0
207,64,"EGASA - Charcani I",0
208,65,"FENIX POWER PERU S.A.",0
209,66,"C.H. ARICOTA - EGESUR",0
210,67,"EMPRESA DE GENERACION ELECTRICA MACHUPICCHU S.A. - SE CUSCO",0
211,68,"C.H. SAN GABAN II",0
212,69,"CH. RENOVANDES- EG SANTA ANA",0
213,70,"C.H. Santa Lorenza",0
214,71,"C.H. Las Pizarras",0
215,72,"ELECTROPERU - Complejo Hidroenergetico del Mantaro",0
216,72,"Electroperu - SE. Mancora",0
217,73,"Sub Estación Piedra Blanca",0
218,74,"Cia. Minera Los Quenuales S.A.",0
219,75,"ELECTROPUNO - Bellavista",0
220,75,"ELECTROPUNO - Ananea",0
221,75,"ELECTROPUNO - Ilave",0
222,75,"ELECTROPUNO - Pomata",0
223,75,"ELECTROPUNO - Antauta",0
224,79,"ENEL generación Peru",0
225,77,"EDELNOR - Canto Grande",0
226,77,"SE Chavarria",0
227,77,"EDELNOR - Caudivilla",0
228,77,"EDELNOR - Huacho",0
229,77,"EDELNOR - Ancón",0
230,77,"EDELNOR - Santa Marina",0
231,77,"EDELNOR - Pershing",0
232,77,"EDELNOR - Tomas Valle",0
233,77,"EDELNOR - Ventanilla",0
234,77,"EDELNOR - Pando",0
235,77,"EDELNOR - Infantas",0
236,77,"EDELNOR - Oquendo",0
237,77,"EDELNOR - Tacna",0
238,77,"EDELNOR - Zapallal",0
239,77,"EDELNOR - Supe",0
240,77,"EDELNOR - Industrial",0
241,77,"EDELNOR - Naranjal",0
242,77,"EDELNOR - Mirones",0
243,77,"EDELNOR - Jicamarca",0
244,77,"EDELNOR - Huaral",0
245,77,"EDELNOR - Puente Piedra",0
246,80,"C.H. QUITARSCA - ENGIE",0
247,80,"C.T. ILO 21 - ENGIE",0
248,80,"C.T. CHILCA UNO - ENGIE",0
249,83,"Eternit S.A.",0
250,79,"SE CHILLON - ENEL",0
251,79,"SE MIRADOR - ENEL",0
252,79,"C.H. CHIMAY - ENEL",0
253,79,"C.T. SANTA ROSA - ENEL",0
254,79,"C.H. MOYOPAMPA - ENEL",0
255,79,"C.H. HUINCO - ENEL",0
256,79,"C.H. HUAMPANI - ENEL",0
257,79,"C.T. VENTANILLA - ENEL",0
258,79,"C.H. MATUCANA - ENEL",0
259,85,"GG - Casa Grande",0
260,80,"Botiflaca- ENGIE",0
261,80,"ENERSUR - Mill Site",0
262,80,"C.T. ILO 1 - ENGIE",0
263,80,"ENGIE Energía Perú S.A",0
264,80,"C.H. YUNCÁN - ENGIE",0
265,80,"ENERSUR - Lixiviación",0
266,80,"ENERSUR - Moquegua",0
267,80,"ENERSUR - Quebrada Honda",0
268,80,"ENERSUR - Refineria",0
269,80,"ENERSUR - Push Back",0
270,81,"EPS SEDACUSCO",0
271,82,"Fca Nac de Acumuladores Etna S.A.",0
272,84,"Fashion Center S.A.",0
273,87,"GRAÑA Y MONTERO S.A.",0
274,88,CONCAR,0
275,90,"HIDRANDINA S.A.",0
276,90,"HIDRANDINA - Porvenir",0
277,90,"HIDRANDINA - Guadalupe",0
278,90,"HIDRANDINA - Virú",0
279,90,"HIDRANDINA - Arhuaypampa (Carhuaz)",0
280,90,"HIDRANDINA - Cajamarca",0
281,90,"HIDRANDINA - Santiago de Cao",0
282,90,"HIDRANDINA - Otuzco",0
283,90,"HIDRANDINA - Moche",0
284,90,"HIDRANDINA - Trujillo Sur",0
285,93,"HUDBAY PERU S.A.C.",0
286,85,"Gloria S.A.",0
287,86,"Gold Fields La Cima S.A",0
288,89,"FILAMENTOS INDUSTRIALES",0
289,90,"HIDRANDINA - San Marcos",0
290,90,"HIDRANDINA - Chimbote Norte",0
291,90,"HIDRANDINA - Chimbote Sur",0
292,90,"HIDRANDINA - Chimbote 2",0
293,90,"HIDRANDINA - Huarmey",0
294,90,"HIDRANDINA - Picup (Huaraz)",0
295,90,"HIDRANDINA - La Pampa",0
296,94,"PERU LNG S.R.L.",0
297,90,"HIDRANDINA - Pacasmayo",0
298,90,"HIDRANDINA - Malabrigo",0
299,90,"HIDRANDINA - Casma",0
300,90,"HIDRANDINA - Casagrande",0
301,90,"HIDRANDINA - Ticapampa",0
302,90,"HIDRANDINA - Nepeña",0
303,90,"HIDRANDINA - Salaverry 2",0
304,90,"HIDRANDINA - Pallasca",0
305,90,"HIDRANDINA - Santa",0
306,90,"HIDRANDINA - Shingal (Caraz)",0
307,90,"HIDRANDINA - Salaverry 1",0
308,90,"HIDRANDINA - Chilete",0
309,90,"HIDRANDINA - Charat",0
310,90,"HIDRANDINA - Paiján",0
311,90,"HIDRANDINA - La Florida",0
312,90,"HIDRANDINA - Cajabamba",0
313,90,"HIDRANDINA - Motil",0
314,90,"HIDRANDINA - San Jacinto",0
315,91,"Banco Continental",0
316,92,"C.H. YARUCAYA - Huaura Power Group",0
317,95,"IBM del Perú",0
318,99,"INDECO S.A.",0
319,100,Cusco,0
320,102,"GEA - Eteselva",0
321,102,"C.T. AGUAYTIA - TERMOSELVA",0
322,102,"C.T. LAS FLORES - KALLPA",0
323,103,"KIMBERLY CLARK - SANTA CLARA",0
324,104,"La Colonial Fabrica De Hilos SA",0
325,106,"Lima Airport Partners",0
326,96,"C.H. CERRO DEL AGUILA - KALLPA",0
327,97,"C.T. PUERTO BRAVO - KALLPA",0
328,97,"C.T. KALLPA",0
329,98,"ICE INGENIEROS",0
330,101,"Instituto Cultural Peruano Norteamericano",0
331,107,"LUZ DEL SUR - SE Balnearios",0
332,108,"Marcobre S.A.C. - Mina Justa",0
333,103,"KIMBERLY CLARK - PUENTE PIEDRA",0
334,105,"C.H. La Virgen",0
335,110,"Minera Aurifera Retamas - MARSA",0
336,107,"LUZ DEL SUR - SE Bujama",0
337,107,"LUZ DEL SUR - Huachipa",0
338,107,"LUZ DEL SUR - Puente",0
339,107,"LUZ DEL SUR - SE LIMATAMBO",0
340,107,"LUZ DEL SUR - Neyra",0
341,107,"LUZ DEL SUR - Villa Maria",0
342,107,"LUZ DEL SUR - Villa El Salvador",0
343,107,"LUZ DEL SUR - San Juan",0
344,107,"LUZ DEL SUR - SE CHILCA",0
345,107,"LUZ DEL SUR - SE Chosica",0
346,107,"LUZ DEL SUR - SE SAN ISIDRO",0
347,107,"LUZ DEL SUR - SE Galvez",0
348,107,"LUZ DEL SUR - SE Las Praderas",0
349,107,"LUZ DEL SUR - Santa Clara",0
350,107,"LUZ DEL SUR - Surco",0
351,107,"LUZ DEL SUR - SE Chorrillos",0
352,107,"LUZ DEL SUR - SE LURIN",0
353,107,"LUZ DEL SUR - San Bartolo",0
354,107,"LUZ DEL SUR - Santa Anita",0
355,107,"LUZ DEL SUR - Salamanca",0
356,107,"LUZ DEL SUR - Ñaña",0
357,107,"SET La Planicie- LUZ DEL SUR",0
358,107,"LUZ DEL SUR - SE Barranco",0
359,107,"LUZ DEL SUR - SE MONTERRICO",0
360,107,"C.H. SANTA TERESA",0
361,107,"LUZ DEL SUR - Santa Rosa",0
362,107,"LUZ DEL SUR - San Mateo",0
363,107,"LUZ DEL SUR - Pachacamac",0
364,109,"Messer Gases Del Peru S.A.",0
365,111,"Minera Barrick Misquichilca SA Lagunas Norte",0
366,112,"Minera Bateas SAC",0
367,113,"MINERA CHINALCO PERU S.A.",0
368,111,"Minera Barrick Misquichilca SA Pierina",0
369,114,"LAS BAMBAS S.A.",0
370,116,"Minera Yanacocha",0
371,115,"MINERA SHUNTUR S.A.C",0
372,117,"Minsur S.A.",0
373,118,"MOLY-COP ADESUR",0
374,119,"Montana S.A. Peru",0
375,120,"NEPTUNIA CALLAO",0
376,122,"NEXA RESOURCES CAJAMARQUILLA S.A.",0
377,123,"COMPAÑIA MINERA MILPO S.A.A. - SE CERRO LINDO",0
378,121,"NESTLE PERU S.A. - SEDE ATE",0
379,124,"Compañia Minera Atacocha S.A.",0
380,125,"MILPO - Unidad Minera Chapi",0
381,127,"Optimizacion Energetica S.A.C.",0
382,128,"ORAZUL ENERGY - Cañon del Pato",0
383,125,"COMPAÑIA MINERA MILPO S.A.A. - SE DESIERTO",0
384,128,"Orazul Energy",0
385,126,"TECSUR S.A.",0
386,128,"ETENORTE - SE Huallanca",0
387,131,"ASEA BROWN BOVERI S.A. - SE LIMA",0
388,133,"PETROPERÚ -Refinería Talara",0
389,133,"Petroleos Del Peru Petroperu Sa",0
390,133,"PETROLEOS DEL PERU PETROPERU S.A - REFINERIA IQUITOS",0
391,134,"Pluspetrol Norte S.A. - Lote 8",0
392,135,"PRAXAIR PERU SRL",0
393,136,"Procesadora Torre Blanca",0
394,129,"CIA. MINERA ARGENTUM S.A.",0
395,130,"Papelera del Sur SA",0
396,137,"Productos Tissue del Perú S.A.",0
397,132,"PESQUERA DIAMANTE S.A.",0
398,138,"Quimpac S.A.",0
399,139,"Ransa Comercial",0
400,140,"SE SOCABAYA-RED DE ENERGIA DEL PERU S.A.",0
401,140,"RED DE ENERGIA DEL PERU S.A. - SE HUAYUCACHI",0
402,134,"Pluspetrol Norte S.A. - Lote 1AB",0
403,140,"RED DE ENERGIA DEL PERU S.A. - SE AZANGARO",0
404,140,"RED DE ENERGIA DEL PERU S.A. - SE CHICLAYO OESTE",0
405,140,"RED DE ENERGIA DEL PERU S.A. - SE QUENCORO",0
406,140,"RED DE ENERGIA DEL PERU S.A. - SE GUADALUPE",0
407,140,"RED DE ENERGIA DEL PERU S.A. - SE HUANCAVELICA",0
408,140,"RED DE ENERGIA DEL PERU S.A. - SE SAN NICOLAS",0
409,140,"RED DE ENERGIA DEL PERU S.A. - SE COMBAPATA",0
410,140,"RED DE ENERGIA DEL PERU S.A. - SE TINGO MARIA",0
411,140,"RED DE ENERGIA DEL PERU S.A. - SE AYAVIRI",0
412,140,"SE INDUSTRIALES- LUZ DEL SUR",0
413,140,"RED DE ENERGIA DEL PERU S.A. - SE MARCONA",0
414,140,"RED DE ENERGIA DEL PERU S.A. - SE HUANUCO",0
415,140,"RED DE ENERGIA DEL PERU S.A. - SE HUACHO",0
416,140,"RED DE ENERGIA DEL PERU S.A. - SE JULIACA",0
417,140,"ISA Perú S.A.",0
418,140,"RED DE ENERGIA DEL PERU S.A. - SE TRUJILLO NORTE",0
419,140,"RED DE ENERGIA DEL PERU S.A. - SE INDEPENDENCIA",0
420,140,"RED DE ENERGIA DEL PERU S.A. - SE CHIMBOTE 1",0
421,140,"RED DE ENERGIA DEL PERU S.A. - SE ABANCAY",0
422,140,"SE YARABAMBA- RED DE ENERGIA DEL PERU S.A.",0
423,140,"RED DE ENERGIA DEL PERU S.A. - SE PIURA OESTE",0
424,140,"RED DE ENERGIA DEL PERU S.A. - SE ICA",0
425,140,"RED DE ENERGIA DEL PERU S.A. - SE AUCAYACU",0
426,140,"RED DE ENERGIA DEL PERU S.A. - SE PARAMONGA NUEVA",0
427,140,"RED DE ENERGIA DEL PERU S.A. - SE ZORRITOS",0
428,140,"RED DE ENERGIA DEL PERU S.A. - SE TALARA",0
429,140,"REP- SE TINTAYA",0
430,140,"ISA PERU S.A. - SE PUCALLPA",0
431,140,"RED DE ENERGIA DEL PERU S.A. - SE SAN JUAN",0
432,140,"SE CHILCA - RED DE ENERGIA DEL PERU S.A.",0
433,140,"RED ENERGIA DEL PERU - SE POROMA",0
434,140,"SE COLCABAMBA-RED DE ENERGIA DEL PERU S.A",0
435,141,"REPSOL - REFINERIA LA PAMPILLA",0
436,140,"RED DE ENERGIA DEL PERU S.A. - SE SURIRAY",0
437,140,"RED DE ENERGIA DEL PERU S.A. - SE TOCACHE",0
438,140,"RED DE ENERGIA DEL PERU S.A. - SE PUNO",0
439,140,"SE MOLLEPATA-RED DE ENERGIA DEL PERU S.A",0
440,142,"San Miguel Industrial",0
441,145,"Shougang Hierro Perú S.A.A.",0
442,146,"C.H. POECHOS 1 - SINERSA",0
443,146,"C.H. CHANCAY - SINERSA",0
444,143,"SDE PIURA S.A.C",0
445,144,"Shougang Generación Eléctrica S.A.A.",0
446,146,"C.H. CURUMUY - SINERSA",0
447,147,"ELECTROANDES - Oroya Nueva",0
448,147,"ELECTROANDES - Excelsior",0
449,147,"ELECTROANDES - San Mateo",0
450,147,"ELECTROANDES - San Cristóbal",0
451,147,"ELECTROANDES - San Antonio",0
452,147,"ELECTROANDES - Chumpe",0
453,147,"ELECTROANDES - San Juan",0
454,147,"ELECTROANDES - Oroya",0
455,147,"ELECTROANDES - Huicra",0
456,147,"ELECTROANDES - Casapalca",0
457,147,"ELECTROANDES - Mahr Tunel",0
458,147,"ELECTROANDES - Morococha",0
459,147,"ELECTROANDES - Bellavista",0
460,147,"ELECTROANDES - Carhuamayo",0
461,147,"ELECTROANDES - Antuquito",0
462,147,"ELECTROANDES - Paragsha I",0
463,147,"ELECTROANDES - Andaychagua",0
464,148,"SE Jesus - SEAL",0
465,148,"SE Base Islay - SEAL",0
466,148,"SE Socabaya - SEAL",0
467,148,"SE Challapampa - SEAL",0
468,148,"SE Repartición - SEAL",0
469,148,"SE Paucarpata - SEAL",0
470,148,"SE LAMBRAMANI- SEAL",0
471,148,"SE Chilina - SEAL",0
472,148,"SE Porongoche - SEAL",0
473,148,"SE Chucarapi - SEAL",0
474,148,"SE Alto Cayma - SEAL",0
475,148,"SE Cono Norte - SEAL",0
476,148,"SE Corire - SEAL",0
477,148,"SE La Pampa - SEAL",0
478,148,"SE Callalli - SEAL",0
479,148,"SE Mollendo - SEAL",0
480,148,"SE Tiabaya - SEAL",0
481,148,"SE Mejia - SEAL",0
482,148,"SE Bella Unión- SEAL",0
483,148,"SE Parque Industrial - SEAL",0
484,148,"SE Chuquibamba - SEAL",0
485,148,"SE La Curva - SEAL",0
486,148,"SE Caraveli - SEAL",0
487,148,"SE Matarani - SEAL",0
488,148,"SE San Lázaro - SEAL",0
489,148,"SE El Cruce La Joya - SEAL",0
490,148,"SE Real Plaza - SEAL",0
491,148,"SE Majes - SEAL",0
492,148,"SE Cocachacra - SEAL",0
493,148,"SE Ocoña - SEAL",0
494,148,"SE Agua Lima - SEAL",0
495,148,"SE Jahuay - SEAL",0
496,149,"SOCIEDAD MINERA AUSTRIA DUVAZ S.A.C.",0
497,150,"SOCIEDAD MINERA CERRO VERDE",0
498,150,"S.E. SAN JOSE - SOCIEDAD MINERA CERRO VERDE S.A.A.",0
499,151,"Sociedad Minera El Brocal",0
500,152,"Southern Peru Cooper Corporation - Cuajone",0
501,153,"Southern Peru Cooper Corporation - Ilo - Refineria",0
502,153,"Southern Peru Cooper Corporation - Ilo - Fundicion",0
503,154,"Southern Peru Cooper Corporation - Toquepala",0
504,155,"C.H. PARIAC - STATKRAFT",0
505,155,"C.P. ARCATA - STATKRAFT",0
506,155,"C.H. CAHUA - STATKRAFT",0
507,155,"C.H. PACHAHACA - STATKRAFT",0
508,155,"C.H. YAUPI - STATKRAFT",0
509,155,"C.H. MALPASO - STATKRAFT",0
510,155,"C.H. GALLITO CIEGO - STATKRAFT",0
511,155,"C.H. CHEVES - STATKRAFT",0
512,156,"SUDAMERICANA DE FIBRAS",0
513,157,"Sunshine Export S.A.C.",0
514,158,"INTRADEVCO INDUSTRIAL S.A.",0
515,159,"TEJIDOS SAN JACINTO S.A",0
516,160,REDESUR,0
517,161,"C.T. SANTO DOMINGO DE LOS OLLEROS",0
518,162,"Textiles Camones S.A.",0
519,163,"COMPAÑIA MINERALES SANTANDER S.A.C.",0
520,164,"TRUPAL S.A. - LIMA",0
521,165,"CEMENTO ANDINO S.A. - SE CONDORCOCHA",0
522,166,"UNACEM S.A.A",0
523,166,"CEMENTO ANDINO S.A. - SE CARPAPATA",0
524,166,"COMPAÑÍA ELÉCTRICA EL PLATANAL S.A.",0
525,167,"Backus - Planta Motupe",0
526,167,"Backus- Planta Ate",0
527,168,"Universidad de Lima",0
528,169,"HIDROELECTRICA HUANCHOR S.A.C.",0
529,169,"VOLCAN COMPAÑIA MINERA S.A.A. -ANDAYCHAGUA",0
530,169,"VOLCAN COMPAÑIA MINERA S.A.A. - SE",0
531,49,"Sub Estación Principal",0
532,49,"Planta laminación 1",0
533,49,"Planta laminación 2",0
534,49,"Reducción directa",0
535,49,Aceria,0
536,49,ACEDIM,0
537,49,"Nueva aceria 2020",0
538,49,Aduanas,0
539,49,"Alumbrado reducción",0
540,49,SAB,0
541,49,"Sala eléctrica #2",0
542,49,Pisco,0
548,170,PUNO,0
549,31,Yanacancha,0
550,31,"Punta Lobitos",0
551,140,"DT CENTRO",0
552,140,NORTE,0
553,171,"Departamento Risaralda",0
554,172,"Departamento Valle del Cauca",0
555,174,"Departamento Córdoba",0
556,174,"Departamento Sucre",0
557,174,"Departamento Bolivar",0
558,174,"Departamento Cesar",0
559,174,Córdoba,1
560,175,"Mina Justa",0
561,176,Arequipa,0
562,177,"Ilo - Fundición",0
563,178,"DEMO UBICACIÓN.",0
564,178,"San Gaban",1
565,177,"Ilo - Refineria",0
566,177,Toquepala,0
567,177,Cuajone,0
568,179,LIMA,0
569,180,CHIMBOTE,0
570,181,"Departamento Cordoba",0
571,182,Ica,0
572,183,"Puente Piedra",0
573,184,AREQUIPA,1
574,184,"C.T. PUERTO BRAVO",0
575,184,"C.H. CERRO DEL AGUILA",0
576,184,"C.H. CAÑON DEL PATO",0
577,184,"C.H. CARHUAQUERO",0
578,187,"DEPARTAMENTO BOLIVAR",0
579,185,"DEPARTAMENTO CESAR",0
580,188,LIMA,1
581,189,"DEPARTAMENTO ATLANTICO",0
582,189,"DEPARTAMENTO BOLIVAR",0
583,190,BARRANQUILLA,0
584,191,PIURA,0
585,191,TUMBES,0
586,191,TRUJILLO,0
587,178,"DEMO UBICACION 2",0
588,189,"DEPARTAMENTO CESAR",0
589,183,"LOS OLIVOS",0
590,192,"ESTADO SAO PAULO",0
591,193,PISCO,0
592,180,SAMANCO,0
593,180,SUPE,0
594,180,VEGUETA,0
595,180,CALLAO,0
596,180,PISCO,0
597,180,MATARANI,0
598,194,AYMARAES,0
599,180,PUCUSANA,0
600,195,CHICLAYO,0
601,197,"C.H. HUANCHOR",0
602,196,"DEPARTAMENTO ATLANTICO",0
603,174,"DEPARTAMENTO MAGDALENA",0
604,198,"DEPARTAMENTO ATLANTICO",0
605,199,AREQUIPA,0
606,205,CAJAMARQUILLA,0
607,206,CUSCO,0
608,200,MOYOBAMBA,0
609,202,AREQUIPA,0
610,203,HUANCAYO,0
611,204,CHILCA,0
612,188,CHINCHA,0
613,201,CUPINISQUE,0
614,201,TALARA,0
615,207,UCHUCCHACUA,0
616,207,ORCOPAMPA,0
617,207,JULCANI,0
618,208,HUAYLAS,0
619,209,"MINA JUSTA",0
620,210,"DT NORTE",0
621,211,PISCO,0
622,210,"DT SUR",0
623,212,"DEPARTAMENTO RISARALDA",0
624,213,"DEPARTAMENTO RISARALDA",0
625,214,"MAR CARIBE",0
626,215,"DEPARTAMENTO META",0
627,216,"DEPARTAMENTO ANTIOQUIA",0
628,217,PRINCIPAL,0
629,218,"LA LIBERTAD",0
630,176,CHICLAYO,0
631,219,VENTANILLA,0
632,220,"SANTO DOMINGO",0
633,220,"LA VEGA",0
634,199,ICA,0
635,221,"HALSE HALL - JAMALCO ALUMINIUM PLANT",0
636,222,"SAN SALVADOR",0
637,222,"LA LIBERTAD",0
638,223,CARHUAQUERO,0
639,224,"LA LIBERTAD",0
640,225,HUANCHOR,0
641,239,"DEPARTAMENTO CORDOBA",0
642,210,-,0
643,214,-,0
644,222,-,0
645,220,-,0
646,240,-,0
647,241,-,0
648,200,-,0
649,178,-,0
650,31,-,0
651,207,-,0
652,232,-,0
653,218,-,0
654,236,-,0
655,211,-,0
656,230,-,0
657,203,-,0
658,182,-,0
659,199,-,0
660,170,-,0
661,194,-,0
662,228,-,0
663,201,-,0
664,208,-,0
665,217,-,0
666,204,-,0
667,219,-,0
668,225,-,0
669,206,-,0
670,100,-,0
671,223,-,0
672,193,-,0
673,238,-,0
674,179,-,0
675,175,-,0
676,224,-,0
677,242,-,0
678,188,-,0
679,205,-,0
680,195,-,0
681,227,-,0
682,184,-,0
683,237,-,0
684,176,-,0
685,168,-,0
686,243,-,0
687,231,LIMA,0
688,226,-,0
689,183,-,0
690,180,-,0
691,177,-,0
692,197,-,0
693,202,-,0
694,221,-,0
695,234,-,0
696,235,-,0
697,233,-,0
698,174,-,0
699,190,-,0
700,212,-,0
701,181,-,0
702,185,-,0
703,216,-,0
704,215,-,0
705,171,-,0
706,172,-,0
707,213,-,0
708,187,-,0
709,189,-,0
710,229,-,0
711,196,-,0
712,186,-,0
713,239,-,0
714,192,-,0
715,198,-,0
716,244,-,0
717,245,-,0
718,246,-,0
719,247,-,0
720,248,-,1
721,249,-,0
722,250,-,0
723,251,-,0
724,252,"DEPARTAMETNO AGUA CALIENTE",0
725,253,-,0
726,254,CHILE,0
727,255,CALAMA,0
728,256,-,0
729,257,-,0
730,258,-,0
731,259,"MOLINOS SAG",1
732,259,"MINERA CENTINELA - SIERRA GORDA CALAMA",0
733,260,"MINERA LOS PELAMBRES - SALAMANCA",0
734,261,-,0
735,262,-,0
736,263,-,0
737,264,-,0
738,265,-,0
739,266,-,0
740,267,"CAJAMARCA NORTE",0
741,268,-,0
742,269,-,0
743,270,"DEPARTAMENTO CHIRIQUI",0
744,271,-,0
745,272,"DEPARTAMENTO RISARALDA",0
746,210,"DT CENTRO",0
747,273,"DEPARTAMENTO DEL HUILA",0
748,273,"NEIVA - ZONA URBANA",1
749,274,SURINAM,0
750,275,MEXICO,0
751,276,UBICACIÓN,0
752,277,BOLIVIA,0
753,278,-,0
754,279,-,0
755,280,TACNA,0
756,281,MEXICO,0
757,282,MEXICO,0
758,267,-,0
759,267,ARES,0
760,267,CAUDALOSA,0
761,267,INGENIO,0
762,267,LOMERA,0
763,207,YUMPAG,0
764,283,-,0
765,284,"SANTA CRUZ I",0
766,284,"SANTA CRUZ II",0
767,280,PISCO,0
768,285,-,0
769,248,ICA,1
770,248,"C.E. WAYRA",0
771,286,-,0
772,287,-,0
773,288,-,0
774,289,"DEPARTAMENTO DEL QUINDIO, COLOMBIA",0
775,179,REPARTICIÓN,0
776,179,MAJES,0
777,290,-,0
778,291,-,0
779,292,-,0
780,293,-,0
781,294,"DEPARTAMENTO VALLE DEL CAUCA",0
782,295,"CORPORACION REGIONAL CARONI",0
783,296,-,0
784,297,-,0
785,298,"SAN JOSE DE COSTA RICA",0
786,228,LIMA,0
787,299,-,0
788,300,"DEPARTAMENTO CESAR",0
789,301,-,0
790,302,CALLAO,0
791,303,ICA,0
792,304,"PROVINCIA LA ALTAGRACIAA ",0
793,305,-,0
794,248,"C.T. VENTANILLA",0
795,306,MANAGUA,0
796,303,-,0
797,307,-,0
798,308,-,0
799,309,"DEPARTAMENTO DE BOYACA",0
800,310,-,0
801,311,-,0
802,312,"DEPARTAMENTO DE LA GUAJIRA",0
803,313,-,0
804,284,-,0
805,284,HUASAHUASI,0
806,284,"RONATULLO II",0
807,284,"RONATULLO III",0
808,284,TACNA,0
809,303,LAMBAYEQUE,0
810,314,-,0
811,315,"MAR CARIBE",0
812,315,BARBADOS,0
813,316,LIMA,0
814,317,"DEPARTAMENTO DEL VALLE DEL CAUCA",0
815,318,-,0
816,319,LIMA,0
817,320,-,0
818,223,CHILCA,0
819,321,-,0
820,322,"DEPARTAMENTO DEL VALLE DEL CAUCA",0
821,323,-,0
822,324,-,0
823,325,-,0
824,323,TACNA,0
825,250,"C.H. SAN GABAN III",0
826,326,-,0
827,313,PISCO,0
828,327,"DEPARTAMENTO DE RISARALDA",0
829,328,CHILCA,0
830,328,CAJAMARCA,0
831,329,"DISTRITO ALAJUELA",0
832,330,"DEPARTAMENTO PANAMA",0
833,331,-,0
834,332,-,0
835,333,"PROVINCIA CHIRIQUI",0
836,305,PIURA,0
837,308,LIMA,0
838,334,MEXICO,0
839,335,-,0
840,336,AREQUIPA,0
841,337,"DEPARTAMENTE VALLE DEL CAUCA",0
842,338,"DEPARTAMENTO BOLIVAR",0
843,339,"DEPARTAMENTO CORDOBA",0
844,340,-,0
845,341,BOLIVIA,0
846,342,"DEPARTAMENTO CALDAS",0
847,343,-,0
848,344,-,0
