id,customer_area_id,name,deleted
1,1,.,0
2,2,Transformers,0
3,3,"Reactores 500 kV",0
4,3,"ABENGOA PERU S.A. - SE SAN ISIDRO",0
5,4,"Reactores 500 kV",0
6,47,"Principal 220 kV",0
7,283,L1-TR1,0
8,283,L1-TR2,0
9,283,L1-TR3,0
10,283,L1-TR4,0
11,283,L1-TR5,0
12,283,L1-TR6,0
13,283,L1-TR7,0
14,283,L1-TR8,0
15,283,L1-TR9,0
16,283,L2-TR1,0
17,49,L2-TR2,0
18,49,L2-TR3,0
19,49,L2-TR4,0
20,49,L2-TR5,0
21,49,L2-TR6,0
22,49,L2-TR7,0
23,49,L2-TR8,0
24,49,L2-TR9,0
25,49,L2-TR10,0
26,283,L2-TR11,0
27,283,"Chancado de escoria",0
28,51,"Precipitador electrostatico",0
29,51,"Recuperación organica",0
30,51,"Reducción directa",0
31,50,"Planta de humos",0
32,50,"Planta de agua",0
33,283,"Sala Eléctrica SE 14.2",0
34,50,TR3,0
35,50,TR5,0
36,50,"TR7 Horno Eléctrico",0
37,50,"TR8 Horno Cuchara",0
38,50,"TR9 Fragmentadora",0
39,50,"TR SEC 01",0
40,283,APT,0
41,52,"Planta Calibrados",0
42,52,"Planta industrialización",0
45,1402,"CASA DE MAQUINAS",0
47,1403,Principal,0
48,1404,"Faja 1",0
49,1404,Stacker,0
51,1404,"Molino SAG1",0
52,1404,"Molino SAG2",0
53,1404,Pebbles,0
54,1404,"Tanques de concentrado",0
55,1404,"Sistema de bombeo relaves",0
56,1404,"Sistema de agua Recuperada",0
57,1404,"Fajas Stacker",0
59,1404,"Estacion barcaza",0
60,1404,"Estacion de agua recuperada",0
61,1404,Almacen,0
62,1405,Principal,0
63,754,Huachipa,0
64,1404,"Molino bolas 01",0
65,1404,"Molino bolas 02",0
66,1404,"Molino bolas 03",0
67,1404,"Molino bolas 04",0
68,1408,"Electrolisis Q1",0
69,1385,Subestación,0
70,1411,Principal,0
71,1411,Principal,0
72,1408,Q1,0
73,1408,Q2,0
74,1408,Q3,0
75,1408,Q4,0
76,1408,Q5,0
77,1408,Q7,0
78,1413,11,0
79,1413,11,0
80,1411,Principal,0
81,1411,Principal,0
82,1406,Franc.,0
83,1412,Sint,0
84,1407,"SE DOSQUEBRADAS",0
85,1414,"SE ALFÉREZ",0
86,1414,"SE AGUABLANCA",0
87,1414,"SE CAMPIÑA",0
88,1414,"SE CENTRO",0
89,1414,"SE DIESEL  I",0
90,1414,"SE DIESEL  II",0
91,1414,"SE GUACHAL",0
92,1414,"SE GUACHICONA",0
93,1414,"SE JUANCHITO",0
94,1414,"SE LADERA",0
95,1414,"SE MELÉNDEZ",0
96,1414,"SE MENGA",0
97,1414,"SE SAN ANTONIO",0
98,1414,"SE SAN LUIS",0
99,1414,"SE SUR",0
100,1414,"SE MOVIL - Transportable",0
101,1414,"SE MOVIL - Transportable",0
102,1415,"SE TIERRALTA",0
103,1416,"SE PRADERA",0
104,1417,"SE LORICA",0
105,1420,"SE BOSTON",0
106,1420,"SE SIERRA FLOR",0
107,1419,"SE TOLÚ VIEJO",0
108,1421,"SE VILLA ESTRELLA",0
109,1421,"SE CANDELARIA (Bocagrande)",0
110,1421,"SE BOSQUE",0
111,1421,"SE CHAMBACÚ",0
112,1423,"SE CALAMAR",0
113,1422,"SE GUATAPURÍ",0
114,1414,"SE MOVIL",1
115,1414,"SE MOVIL",1
116,1414,"SE MOVIL",1
117,1414,"SE MOVIL",0
118,1429,Principal,0
119,1424,2371-SS-201,0
120,1424,2371-SS-201,1
121,1427,4310-SS-407,0
122,1425,2372-SS-202,0
123,1430,2373-SS-203,0
124,1431,2374-SS-204,0
125,1438,4771-GE-101,0
126,1438,4771-GE-102,0
127,1438,4771-GE-103,0
128,1431,2374-SS-204,0
129,1432,1371-SS-104,0
130,1433,1371-SS-102,0
131,1434,2375-SS-205,0
132,1435,1371-SS-103,0
133,1436,1636-SS-101,0
134,1437,4372-SS-402,0
135,1439,"Sulfuros 220 kV",0
136,1440,Rectificadores,0
137,1441,"DEMO SUBESTACION",0
138,1448,"SE 07",0
139,1448,"SE 08",0
140,1448,"SE 09",0
141,1448,"SE 10",0
142,1448,"SE 11",0
143,1448,"SE 12",0
144,1448,"SE 13",0
145,1466,"LUIS NEYRA",0
146,1466,Industriales,1
147,1466,"San Juan",1
148,1467,BALNEARIOS,0
149,1468,Cantera,0
150,1469,Industriales,0
151,1470,Planicie,0
152,1471,Puente,0
153,1472,Salamanca,0
154,1473,"San Bartolo",0
155,1474,"San Juan",0
156,1475,"Santa Anita",0
157,1476,"Santa Clara",0
158,1477,"Villa María",0
159,1478,Huachipa,0
160,1479,Central,0
161,1469,"INDUSTRIALES BORRAR",1
162,1480,Ingenieros,0
163,1482,Principal,0
164,1484,"Santa Margarita",0
165,1440,"Cuarto Eléctrico 01",1
166,1485,"Cuarto Eléctrico 01",0
167,1486,01,0
168,1483,"SE URE",0
169,1483,"HORNO L1 FC01",0
170,1483,"HORNO L2",0
171,1483,"SE 3A",0
172,1483,"SE MNR",0
173,1483,"SE 61",0
174,1483,"SE 61 417",0
175,1483,"SE CUARTO TRANSFORMADOR 422 T031",0
176,1483,"SE 71",0
177,1483,"SE 49 POND 2",0
178,1483,"SE PRECIPITADOR DC01",0
179,1483,"SE DC01",0
180,1483,"SE PRECIPITADOR DC150",0
181,1483,"SE PRECIPITADOR DC152",0
182,1483,"SE 01",0
183,1483,"SE ELECTROIMÁN-01",0
184,1487,"PUERTO BRAVO",1
185,1488,"PUERTO BRAVO",0
186,1489,"PUERTO BRAVO",0
187,1490,"PUERTO BRAVO",0
188,1491,"PUERTO BRAVO",0
189,1492,"SE TERNERA",0
190,1494,2264,1
191,1402,"GRUPO DIESEL",0
192,1402,"VILLA RESIDENTES",0
193,1402,"SALA ELÉCTRICA",0
194,1495,3562-SS-302,0
195,1496,3565-SS-305,0
196,1497,"PERFORADORA N°3",0
197,1498,"PERFORADORA N°5",0
198,1499,"PERFORADORA N°4",0
199,1500,"SE TERNERA",0
200,1501,"SE SILENCIO",0
201,1494,1048,1
202,1502,"SET PRINCIPAL",0
203,1506,PRINCIPAL,0
204,1507,"SE VALLEDUPAR",0
205,1508,SUBESTACIÓN,0
206,1505,"SE DEMO2",0
207,1509,"SUBESTAÇÃO FERNÃO DIAS",0
208,1510,PRINCIPAL,0
209,1511,SAMANCO,0
210,1512,SUPE,0
211,1513,VEGUETA,0
212,1514,"CALLAO NORTE",0
213,1515,"PISCO NORTE",0
214,1515,"PISCO SUR",0
215,1516,MATARANI,0
216,1517,CHIMBOTE,0
217,1518,SELENE,0
218,1514,"CONSUMO HUMANO",0
219,1519,OMEGA,0
220,1520,SUBESTACIÓN,0
221,1521,HUANCHOR,0
222,1523,"SE FLORES #",0
223,1415,"SE AYAPEL",0
224,1423,"SE BARRANCO DE LOBA",0
225,1423,"SE BAYUNCA",0
226,1524,"SE BECERRIL",0
227,1421,"SE BOCAGRANDE",0
228,1524,"SE BOSCONIA",0
229,1421,"SE EL BOSQUE",0
230,1423,"SE CANDELARIA",0
231,1415,"SE CERETE",0
232,1423,"SE CHAMBACU",0
233,1415,"SE CHINU PLANTA",0
234,1524,"SE CHIRIGUANA",0
235,1415,"SE CIENAGA DE ORO",0
236,1524,"SE CODAZZI",0
237,1419,"SE COROZAL",0
238,1423,"SE COSPIQUE",0
239,1415,"SE COTORRA",0
240,1419,"SE COVEQAS",0
241,1524,"SE CURUMANI",0
242,1525,"SE EL BANCO",0
243,1423,"SE MAGANGUE",0
244,1419,"SE EL CORTIJO",0
245,1525,"SE EL DIFICIL",0
246,1524,"SE EL PASO",0
247,1419,"SE GALERAS",0
248,1423,"SE GAMBOTE",0
249,1525,"SE GUAMAL",0
250,1524,"SE GUATAPURI",0
251,1524,"SE LA JAGUA",0
252,1524,"SE LA LOMA",0
253,1419,"SE LA MOJANA",0
254,1524,"SE LA PAZ",0
255,1415,"SE LORICA",0
256,1421,"SE MAMONAL",0
257,1423,"SE MANZANILLO",0
258,1423,"SE MARIA LA BAJA",0
259,1423,"SE MEMBRILLAL",0
260,1415,"SE MOMIL",0
261,1423,"SE MOMPOX",0
262,1415,"SE MONTELIBANO",0
263,1416,"SE MONTERIA",0
264,1423,"SE NUEVA COSPIQUE",0
265,1525,"SE NUEVA GRANADA",0
266,1524,"SE NUEVA LA LOMA",0
267,1524,"SE PAILITAS",0
268,1415,"SE PLANETARICA",0
269,1415,"SE PRADERA",0
270,1415,"SE PUERTO ESCONDIDO",0
271,1415,"SE PUERTO LIBERTADOR",0
272,1415,"SE RIO SINU",0
273,1415,"SE SAHAGUN",0
274,1524,"SE SALGUERO",0
275,1415,"SE SAN ANTERO",0
276,1415,"SE SAN BERNARDO DEL VIENTO",0
277,1423,"SE SAN ESTANISLAO",0
278,1423,"SE SAN JACINTO",0
279,1423,"SE SAN JUAN NEPOMUCENO",0
280,1419,"SE SAN MARCOS",0
281,1419,"SE SAN ONOFRE",0
282,1419,"SE SAN PEDRO",0
283,1415,"SE SAN PELAYO",0
284,1423,"SE SANTA ROSA DEL SUR",0
285,1419,"SE SIERRA FLOR",0
286,1423,"SE SIMITI",0
287,1419,"SE SINCE",0
288,1420,"SE SINCELEJO PLANTA",0
289,1423,"SE TALAIGA NUEVO",0
290,1421,"SE TERNERA",0
291,1419,"SE TOLU",0
292,1423,"SE VILLA ESTRELLA",0
293,1423,"SE ZAMBRANO",0
294,1423,"SE ZARAGOCILLA",0
295,1423,"SE EL CARMEN",0
296,1415,"SE ZAMBRANO RES",0
297,1526,"SE PLANTA TEBSA - TERMOBARRANQUILLA",0
298,1527,CHILINA,0
299,1528,G161,0
300,1529,G2264,0
301,1537,3250-TX-301,0
302,1536,3250‐TX‐303,0
303,1536,3250‐TX‐302,0
304,1536,3250‐TX‐304,0
305,1538,3260‐TX‐401,0
306,1531,2510-TX-840,0
307,1532,3100-TX-101,0
308,1532,3100-TX-102,0
309,1533,3210-TX-151,0
310,1534,3220-TX-255,0
311,1535,3221-TX-204,0
312,1536,3250-TX-303,1
313,1536,3250-TX-304,1
314,1544,3260-TX-402,0
315,1540,3280-TX-501,0
316,1543,3290-TX-602,0
317,1541,3250-TX-701,0
318,1531,361-TL-002,0
319,1530,5321-TX-804,0
320,1547,5761-TX-901,0
321,1518,"RANICHICO 32",0
322,1518,QUELLOPATA,0
323,1518,"SAN PABLO",0
324,1518,"RANICHICO 31",0
325,1518,PALLANCATA,0
326,1518,ARCATA,0
327,1518,CAYLLOMA,0
328,1518,ARES,0
329,1518,COTARUSE,0
330,1551,"SE N° 1",0
331,1551,"SE N° 2",0
332,1551,"SE N° 3",0
333,1551,"PATIO DE LLAVES",0
334,1552,"YURA 0",0
335,1553,"EQUIPO MOVIL FUERZA",0
336,1554,"BOMBA INTERMEDIA",0
337,1555,INGENIEROS,0
338,1556,TRANSFORMADORES,0
339,1557,PRINCIPAL,0
340,1558,"AUX MOLIENDA CEMENTOS 2",0
341,1559,"PLANTA DE CARBON",0
342,1560,"CRUDOS 2",0
343,1561,"ALUMBRADO PLANTA",0
344,1562,"MOLINOS PENG FEI",0
345,1563,LOESCHE,0
346,1564,"AUX LINEA 1",0
347,1565,"GENERADOR CUMING TR-05",0
348,1566,"AUX HORNO 2",0
349,1567,"CENTRAL TERMICA",0
350,1568,"YURA 3",0
351,1569,"INTERCAMBIADOR HORNO",0
352,1570,"SALA ENFRIADOR",0
353,1571,"MOLINO UBE",0
354,1572,"MATERIAS PRIMAS",0
355,1573,"MOLINO DE CARBON",0
356,1574,"ILUMINACIÓN GENERAL LINEA 3",0
357,1575,"MOTORES HORNO 2",0
358,1576,"EQUIPO MOVIL ALUMBRADO",0
359,1577,"ALUMBRADO CHANCADO SECUNDARIO",0
360,1579,"PLATAFORMA NUEVA BALANZA",0
361,1580,"GRUPOS ELECTROGENOS",0
362,1581,"YURA 2",0
363,1582,CANTERA,0
364,1578,"CHANCADORA SECUNDARIA",0
365,1598,SUBESTACIÓN,0
366,1599,PRINCIPAL,0
367,1600,"TPO 1103",0
368,1601,"SE CAMPAMENTO",0
369,1546,3220-TX-251,0
370,1545,3220-TX-201,0
371,1543,3290-TX-601,0
372,1542,3220-TX-253,0
373,1542,3220-TX-254,0
374,1549,5550-TX-832,0
375,1550,5130-TX-912,0
376,1548,3220-TX-205,0
377,1547,5761-TX-903,0
378,1547,5761-TX-902,0
379,1535,3221-TX-203,0
380,1600,"TPO 1102",0
381,1602,"SE HUDBAY",0
382,1603,"CERRO LINDO",0
383,1603,PIEZOMETRO,0
384,1603,"FAJA 3",0
385,1603,"TALLERES Y LABORATORIO",0
386,1603,"SOPLADORES Y COMPRESOR",0
387,1603,"PLAYA JAGUAY",0
388,1603,"PLANTA DESALINIZADORA",0
389,1603,"PASTA 2",0
390,1603,"PASTA 1",0
391,1603,"MOLINO METSO",0
392,1603,"MOLINO, FLOTACIÓN Y REACTIVOS",0
393,1603,"MOLIENDA Y FLOTACIÓN",0
394,1603,"FILTRADO Y RELAVE",0
395,1603,"FAJA 5",0
396,1603,"FAJA 4",0
397,1603,"ESTACIÓN DE BOMBEO",0
398,1603,"ESPESAMIENTO Y FILTRADO",0
399,1603,ESPESADORES,0
400,1603,"CHANCADO SECUNDARIO Y TERCIARIO",0
401,1603,"CHANCADO PRIMARIO",0
402,1603,"BOCAMINA PAHUAYPITE",0
403,1603,"BOCAMINA NIV 1800",0
404,1603,"BOCAMINA NIVEL 1970",0
405,1603,"BOCAMINA NIVEL 1940",0
406,1603,"BOCAMINA NIVEL 1875",0
407,1604,DESIERTO,0
408,1605,"SE CAJAMARQUILLA",1
409,1605,"SE 81",0
410,1606,"SE 90",0
411,1607,CUPISNIQUE,0
412,1608,TALARA,0
413,1609,"SE 11",0
414,1609,HIDROELÉCTRICA,0
415,1609,CHIMPO,0
416,1610,HUAYLAS,0
417,1448,"SE 15",0
418,1448,"SE 16",0
419,1448,"PUSH BACK",0
420,1603,"SISTEMA DE BOMBEO NUEVO 3",0
421,1611,PRINCIPAL,0
422,1612,HUAYANCA,0
423,1613,PRINCIPAL,0
424,1614,"SE TINTAYA",0
425,1615,"SE COMBAPATA",0
426,1616,"N° 2",0
427,1616,N°1,0
428,1627,TITIJONES,0
429,1618,"CASA DE BOMBAS",0
430,1619,VW1,0
431,1620,TW3,0
432,1628,VW4,0
433,1621,BARCAZA,0
434,1622,TP9A,0
435,1623,TW6,0
436,1624,PRINCIPAL,0
437,1625,VW2,0
438,1626,TP8,0
439,1629,VW3,0
440,1630,"LA ROSA",0
441,1631,"SUBESTACION ELECTRICA LAOBORATORIO DE PRUEBAS POTENCIA",0
442,1632,"PT LISAS",0
443,1633,"SALA 6",0
444,1408,Q6,0
445,1634,"EN ALMACEN",0
446,1635,"SE ELECTRICA PLANTA",0
447,1636,N°2,0
448,1636,N°3,0
449,1636,N°4,0
450,1636,N°5,0
451,1636,PL2,0
452,1636,PL5,0
453,1637,CHORRILLOS,0
454,1638,"LAS PRADERAS",0
455,1639,"SAN ISIDRO",0
456,1640,"SANTA ROSA NUEVA",0
457,1641,RECKA,0
458,1642,"SE 200",0
459,1643,RECKA,0
460,1644,ELECTRICA,0
461,1645,MULTIFORM,0
462,1646,"SE INDUVECA",0
463,1646,"Z F DOS RIOS",0
464,1647,"SE. Z F. SAN PEDRO M",0
465,1527,MOLLENDO,0
466,1648,"CHARCANI I",0
467,1648,"CHARCANI II",0
468,1648,"CHARCANI III",0
469,1648,"CHARCANI IV",0
470,1648,"CHARCANI V",0
471,1648,"CHARCANI VI",0
472,1649,PISCO,0
473,1650,"PIURA OESTE",0
474,1651,"POWER PLANTA SUBSTATION",0
475,1652,"SE SARANDA",0
476,1654,"SE INE-TALNIQUE",0
477,1655,ASIA,0
478,1656,BARRANCO,0
479,1657,BUJAMA,0
480,1658,VERTIENTES,0
481,1659,"VILLA EL SALVADOR",0
482,1660,CHILCA,0
483,1661,CHOSICA,0
484,1662,GALVEZ,0
485,1663,LIMATAMBO,0
486,1664,"LOS SAUCES",0
487,1665,LURIN,0
488,1666,MANCHAY,0
489,1667,MONTERRICO,0
490,1668,ÑAÑA,0
491,1669,PACHACAMAC,0
492,1670,PROGRESO,0
493,1671,"SAN LUIS",0
494,1672,PACHACUTEC,0
495,1673,"SE 35",0
496,1674,CARHUAQUERO,0
497,1675,MINA,0
498,1675,"SUPERFICIE CHILCAS",0
499,1675,"SUPERFICIE PLANTA",0
500,1676,PRINCIPAL,0
501,1638,"ALTO PRADERAS",0
502,1677,"SE UNIDAD 3",0
503,1793,"NUEVO CHIMBOTE",0
504,1786,"Trujillo Nueva",0
505,1807,"Laguna La Niña",0
506,1923,"SE Chilca",0
507,1940,"SE Socabaya",0
508,1898,"SE JULIACA",0
509,1678,-,0
510,1678,SURIMAY,1
511,1850,"SE SURIRAY",0
512,1855,COTARUSE,0
513,1854,"ABANCAY NUEVA",0
514,1856,QUENCORO,0
515,1678,COMBAPATA,1
516,1857,CUSCO,0
517,1908,"SUBESTACION HUACHO",0
518,1678,CARAPONGO,1
519,1806,CARABAYLLO,0
520,1678,"SE CARABAYLLO",1
521,1678,"NO ESPECIFICA",1
522,1849,TOCACHE,0
523,1900,"SE Huancavelica",0
524,1904,"SE Tingo Maria",0
525,1906,Chiclayo,0
526,1947,"SE YARABAMBA",0
527,1941,"SE AYAVIRI",0
528,1851,"SUBESTACION ICA",0
529,1916,"SE PUCALLPA",0
530,1922,"SE HUANUCO",0
531,1752,TALLER,0
532,1752,"SE 06",0
533,1752,"SE 07",0
534,1752,"SE 08",0
535,1752,"SE 09",0
536,1752,"SE 10",0
537,1752,"SE 11",0
538,1752,"SE 12",0
539,1752,"SE 13",0
540,1752,"SE 15",0
541,1752,"SE 14",0
542,1753,-,0
543,1678,"Chiclayo Oeste",1
544,1907,"SE AGUAYTIA",0
545,1943,"SE AUCAYACU",0
546,1848,"SE Paragsha",0
547,1905,"SE COLCABAMBA",0
548,1710,Lima,0
549,1710,"San Ramon",0
550,1710,Lurin,0
551,1686,Huacho,0
552,1707,"SE. N°1",0
553,1723,-,0
554,1715,"Sección 70",0
555,1717,Oquendo,0
556,1698,"Planta Hitachi",0
557,1715,"Planta Lurín",0
558,1715,"Fusion y Moldeo",0
559,1715,"Sec91-Energia Planta",0
560,1715,Sec91-Concentrados,0
561,1715,"Sec25/35-Tostación II",0
562,1715,"Sec20/Tostacion I",0
563,1715,"Tostacion II",0
564,1715,"Patio Principal",0
565,1715,"Sec91-Tostacion I",0
566,1715,"Sec90-Energia Planta",0
567,1715,"Tostacion I",0
568,1688,"Planta Hitachi",0
569,1687,Uchuchacua,0
570,1710,Puente,0
571,1722,-,1
572,1692,-,0
573,1722,"Villa El Salvador",0
574,1733,-,0
575,1715,"Of. Administrativas",0
576,1715,"Electro 75",0
577,1715,"Sec96-Lab. Central",0
578,1715,"Sec75-Electrolisis III",0
579,1715,"Sec20-Energia Planta",0
580,1715,"Sec53/73-Electrolisis II",0
581,1715,"Secc70/80-Fusion Moldeo",0
582,1715,Sec40/Lixiviacion,0
583,1715,"Sec75/Electrolisis III",0
584,1715,"Sec96/Lab. Central",0
585,1708,Pisco,0
586,1732,"Choluteca II",0
587,1731,Choluteca,0
588,1715,"SELL 42",0
589,1715,"SECC 34",0
590,1715,Hidrometalurgia,0
591,1715,"Planta de Agua",0
592,1715,"Poza 5",0
593,1715,"Sección 30",0
594,1715,"Taller Central",0
595,1715,Tostación,0
596,1715,Hidometalurgia,0
597,1715,"Sección 40/10",0
598,1690,"SE Chancay Puerto",0
599,1690,"SE Chancay Pueto",0
600,1719,"CH Chancay",0
601,1727,"Grifo Movil #2",0
602,1727,"S. E. Sala 76",0
603,1727,"Almacen 2",0
604,1727,"S. E. Sala 74",0
605,1732,Choluteca,0
606,1697,"SUBESTACION CAYLLOMA",0
607,1697,"SUBESTACION ARES",0
608,1709,"S.E. PONGO CAYNARACHI",0
609,1709,"S.E. YURIMAGUAS",0
610,1710,"SET CENTRAL",0
611,1727,"SE SALA 38",0
612,1727,"ALMACEN MINA",0
613,1727,"SE SALA 162A",0
614,1707,CAJAMARCA,0
615,1682,"PLUSPETROL - PISCO",0
616,1682,"PLUSPETROL - 6",0
617,1710,"SET SALAMANCA",0
618,1710,"SET SAN LUIS",0
619,1710,"SET CHILCA",0
620,1710,"SET MONTERRICO",0
621,1710,"SET NEYRA",0
622,1710,"SET LIMATAMBO",0
623,1686,"Molino SAG2",0
624,1686,"Molino Bolas 04",0
625,1686,ER10,0
626,1686,"Sistema de bombeo",0
627,1686,"Agua recuperada",0
628,1686,"Molino SAG1",0
629,1686,"Molino SAG3",0
630,1686,"Molino Bolas 01",0
631,1686,"Molino Bolas 02",0
632,1686,"Molino Bolas 03",0
633,1686,Stacker,0
634,1686,"Aux. de la Concent.",0
635,1686,Flotación,0
636,1686,Molienda,0
637,1686,"Planta de Mo.",0
638,1686,"Planta de Nitrog.",0
639,1710,"ALTO PRADERA TRF1 ",0
640,1710,"BUJAMA TRF1 ",0
641,1710,"BUJAMA TRF2 ",0
642,1710,"CENTRAL TRF3 ",0
643,1710,"GALVEZ TRF1 ",0
644,1710,"HUACHIPA TRF1 ",0
645,1710,"HUACHIPA TRF2 ",0
646,1710,"INGENIEROS TRF2 ",0
647,1710,"LA PLANICIE TRF1 ",0
648,1710,"LA PLANICIE TRF2 ",0
649,1710,"LOS SAUCES TRA1 ",0
650,1710,"LOS SAUCES TRA2 ",0
651,1710,"MANCHAY TRF1 ",0
652,1710,"ÑAÑA TRF1 ",0
653,1710,"PACHACAMAC TRF1 ",0
654,1710,"PACHACUTEC TRA1 T",0
655,1710,"PACHACUTEC TRA2 ",0
656,1710,"PROGRESO TRA1 ",0
657,1710,"SAN BARTOLO TRF1 ",0
658,1710,"SAN JUAN TRA1 R",0
659,1710,"SAN JUAN TRA1 S",0
660,1710,"SAN JUAN TRA1 T",0
661,1710,"SAN JUAN TRA2 R",0
662,1710,"SAN JUAN TRA2 S",0
663,1710,"SAN JUAN TRA2 T",0
664,1710,"SAN JUAN TRF1 ",0
665,1710,"SAN LUIS TRA2 ",0
666,1710,"SAN MATEO TRF1 ",0
667,1710,"SAN MIGUEL TRA2 R",0
668,1710,"SAN MIGUEL TRA2 S",0
669,1710,"SAN MIGUEL TRA2 T",0
670,1710,"SAN MIGUEL TRA3 ",0
671,1710,"SAN VICENTE TRF1 ",0
672,1710,"SAN VICENTE TRF2 ",0
673,1710,"SANTA ANITA TRF1 ",0
674,1710,"SANTA CLARA TRF1 ",0
675,1710,"SANTA ROSA NUEVA TRA3 R",0
676,1710,"SANTA ROSA NUEVA TRA3 S",0
677,1710,"SANTA ROSA NUEVA TRA3 T",0
678,1710,"SURCO TRF1 ",0
679,1710,"VILLA MARIA TRF1 ",0
680,1710,"VILLA MARIA TRF2 ",0
681,1710,"VILLA MARIA TRF3 ",0
682,1710,"ASIA RESERVA ",0
683,1710,"MANCHAY RESERVA ",0
684,1710,"INDUSTRIALES RESERVA ",0
685,1710,"PACHACUTEC DEPOSITO TEMPORAL ",0
686,1710,"SAN JUAN RESERVA ",0
687,1710,"SAN MIGUEL RESERVA ",0
688,1710,"SANTA ROSA NUEVA DEPOSITO TEMPORAL ",0
689,1710,"INGENIEROS RESERVA ",0
690,1710,"VILLA EL SALVADOR DEPOSITO TEMPORAL ",0
691,1710,"SANTA CLARA RESERVA ",0
692,1710,"CHOSICA RESERVA ",0
693,1710,"BUJAMA DEPOSITO TEMPORAL ",0
694,1710,"BUJAMA RESERVA ",0
695,1727,"Magneto 11",0
696,1727,"Magneto 021",0
697,1705,Constancia,0
698,1724,"Los Olivos",0
699,1727,"Planta Lurin",0
700,1715,-,0
701,1686,"Almacén concentradora",0
702,1686,"Opción 5",0
703,1686,"Alm. Concentradora",0
704,1686,Pebbles,0
705,1710,"LABORATORIO CITE ENERGY",0
706,1713,-,0
707,1727,"S.E. PTARD NORTE",0
708,1683,"SE CARACOTO",0
709,1702,Chilca,0
710,1754,Arequipa,0
711,1698,-,0
712,1755,"Sala Eléctrica Transformación",0
713,1756,"Planta Hitachi",0
714,1796,"SE ZORRITOS",0
715,1678,"Planta Lurin",1
716,1710,"SET GALVEZ",0
717,1710,"Set Ingenieros",0
718,1710,"SET PLANICIE",0
719,1715,"Sec. 70",0
720,1686,"Plataforma de Armado-Mina",0
721,1686,"SE CHANCADORA PRIMARIA 1",0
722,1686,"FASE 6",0
723,1686,"FASE 8",0
724,1686,"SE TANQUE 07",0
725,1686,"FASE 9 NORTE",0
726,1686,"SE DUST CONTROL (ANTIGUA)",0
727,1686,"CTC MONTURA",0
728,1686,"CTC ROSITA DE ORO",0
729,1686,"CTC BOTADERO ESTE",0
730,1686,"CTC TUCUSH",0
731,1686,"SE TALLER ELEMIN",0
732,1686,"SE RADAR 01 -ABB",0
733,1686,"SE RADAR 01-EPLI",0
734,1686,"SE ENTRENAMIENTO MINA",0
735,1686,"SE BOULEVARD SLOT",0
736,1686,"SE COLLECTION SEEPAGE ",0
737,1686,"SE TANQUE 05",0
738,1686,"SE BOOSTER SEEPAGE(ANTIGUO)",0
739,1686,"SE BOOSTER SEEPAGE(EXPANSIÓN)",0
740,1686,"SE GRIFO YANACANCHA",0
741,1686,"TALLER DE SERVICIOS",0
742,1686,"SE MEDIO AMBIENTE",0
743,1686,"SE PENINSULA",0
744,1686,"Ant. CAMP - Módulo SY02",0
745,1686,"Ant. CAMP - Módulo SY06",0
746,1686,"Ant. CAMP - Módulo MY3 sin carga",0
747,1686,"Ant. CAMP - WAREHOUSE",0
748,1686,"Ant. CAMP - MAIN OFFICE",0
749,1686,"Ant. CAMP - Módulo MY3",0
750,1686,"Ant. CAMP - DENTRO CORE SHACK",0
751,1686," Ant. CAMP - ESPALDA MAIN OFFICE  ",0
752,1686,"  Nvo. CAMP -COLISEO DEPORTIVO ",0
753,1686,"           Nvo. CAMP Modulo R  ",0
754,1686,"  Nvo. CAMP Modulo P, Q ",0
755,1686,"Nvo. CAMP Modulo A,B",0
756,1686,"Nvo. CAMP Modulo O, Ñ",0
757,1686," Nvo. CAMP Módulo D, E   SALA RECREACION",0
758,1686,"Nvo. CAMP Modulo M, N",0
759,1686,"Nvo. CAMP Modulo F, G",0
760,1686,"Nvo. CAMP Modulo L, LL",0
761,1686,"Nvo. CAMP Modulo H, I",0
762,1686,"Nvo. CAMP Modulo J, K",0
763,1686,"Área de Almacenamiento de Agua Potable",0
764,1686,"Área de Tratamiento de desagüe",0
765,1686,"  Nvo. CAMP Modulo M y C    ",0
766,1686,"Nvo. CAMP Área de cocina  ",0
767,1686,"Garita de Control",0
768,1686,"Nvo. CAMP Edificio principal",0
769,1686,"Nvo. CAMP Modulo S, T",0
770,1686,"Nvo. CAMP Modulo U, V, W",0
771,1686,"Nvo. CAMP Modulo, Y, Z",0
772,1686,"Nvo. CAMP Modulo SA, SB",0
773,1686,"Nvo. CAMP Modulo SC, SD",0
774,1686,"Nvo. CAMP Modulo WG",0
775,1686,"Dust Control Nueva",0
776,1686,"Polishing Pond",0
777,1686,"PLATAFORMA VOLADURA",0
778,1686,"Nvo. CAMP Modulo WA, WB",0
779,1686,"Nvo. CAMP Modulo WD, WC, WE, WF",0
780,1686,"Nvo. CAMP Modulo WH",0
781,1686,"Nvo. CAMP Modulo SF, SG,SH,SI",0
782,1686,"Ant. CAMP - Aguas Residuales",0
783,1762,"SE PAVANA III",0
784,1789,"SE Paramonga Nueva",0
785,1917,"SE Orcotuna",0
786,1678,"S.E. LA NINA",1
787,1824,Azángaro,0
788,1899,"SE PUNO",0
789,1678,Tintaya,1
790,1678,Ayaviri,1
791,1913,"SE INDEPENDENCIA",0
792,1678,Huayucachi,1
793,1838,Huayacachi,0
794,1915,"S.E. MARCONA",0
795,1914,POROMA,0
796,1678,POEOMA,1
797,1847,"S.E. SAN NICOLAS",0
798,1678,1975,1
799,1764,MAITENES,0
800,1765,"SE PRINCIPAL",0
801,1528,G162,0
802,1528,G163,0
803,1528,G164,0
804,1528,G565,0
805,1528,G566,0
806,1606,PRINCIPAL,0
807,1768,-,0
808,1770,"MOLINOS SAG",0
809,1771,"MOLINOS SAG",0
810,1715,"Sección 73",0
811,1725,"PISCO SUR",0
812,1725," Callao",0
813,1725,Samanco,0
814,1725,Matarani,0
815,1687,"CH PATON",0
816,1687,-,0
817,1687,UCHUCHAHUA,0
818,1687,"SET 128",0
819,1687,"SET 129",0
820,1687,"SET 126",0
821,1687,"SET 169",0
822,1687,"NIVEL 3850",0
823,1687,CHANCADO,0
824,1687,FLOTACION,0
825,1687,FILTRADO,0
826,1687,FUNDICION,0
827,1687,ALMACEN,0
828,1687,FASE3,0
829,1687,"FASE 3",0
830,1687,RELAVERA,0
831,1687,"POZA DE CONTACTO 2",0
832,1687,"LAVADERO DE LLANTAS",0
833,1687,"NV. 4840",0
834,1710,"SET CHOSICA",0
835,1687,PTAR,0
836,1687,"FASE 1",0
837,1687,CONCENTRADO,0
838,1687,"FASE 2",0
839,1687,"FASE 02",0
840,1687,RELAVE,0
841,1687,MOLIENDA,0
842,1687,CCD,0
843,1687,CROW,0
844,1687,"Nv. 4740",0
845,1687,"Nv. 4640",0
846,1687,CIANURACIÓN,0
847,1687,"Nv. 4340",0
848,1687,RP,0
849,1687,BOCAMINA,0
850,1687,"Nv.. 4540",0
851,1687,"Nv. 4465",0
852,1687,"SE Huancarama",0
853,1687,"SE Chipmo",0
854,1716,ETEN,0
855,1845,"SE CAMPAS",0
856,1776,"Santiago de Chile",0
857,1778,"CAJAMARCA NORTE",0
858,1715,"SECC 81",0
859,1766,Uchuchacua,0
860,1766,"CERRO CORONA",0
861,1766,"SE TANTAHUATAY",0
862,1766,"SE LA ZANJA",0
863,1766,"RIO SECO",0
864,1766,TAMBOMAYO,0
865,1706,Cusco,0
866,1781,"SE VENTORRILLO",0
867,1782,"CASA DE MAQUINAS - FORTUNA",0
868,1784,"SUBESTACION PANASA",0
869,1729,"MOTOR HORNO 2",0
870,1729,"CHANCADORA SECUNDARIA KRUPP",0
871,1729,"SERVICIOS AUXILIARES PEING FEI",0
872,1729,"YURA 0",0
873,1729,"MOLINOS PENG FEI",0
874,1729,"BOMBA DE RIO",0
875,1729,"BOMBA INTERMEDIA",0
876,1729,"PATIO PRINCIPAL",0
877,1729,"MOTORES HORNO 1",0
878,1729,"PLATAFORMA BALANZA",0
879,1729,"CHANCADORA SECUNDARIA O & K",0
880,1942,REQUE,0
881,1793,CHIMBOTE,0
882,1678,"SE LA NIÑA",1
883,1944,"SE LA BREA",0
884,1946,"SE PARIÑAS",0
885,1924,"SE TALARA",0
886,1725,PUCUSANA,0
887,1678,"NUEVO CHIMBOTE",1
888,1785,PAPUJUNE,0
889,1720,"SE 03",0
890,1720,"SE 04",0
891,1678,"Trujillo Norte",1
892,1678,SE-HUALLANCA,1
893,1945,"SE HUALLANCA",0
894,1678,"Paramonga Nueva",1
895,1793,"Chimbote 1",0
896,1794,Piura,0
897,1787,"TRUJILLO NORTE",0
898,1788,"CHICLAYO OESTE",0
899,1789,PARAMONGA,0
900,1790,CARAPONGO,0
901,1791,"SE EL BOTE",0
902,1792,"SE VEGALARGA",0
903,1795,"MINE SUBSTATION",0
904,1678,CHIMBOTE,1
905,1799,GUADALUPE,0
906,1797,PRINCIPAL,0
907,1800,PRINCIPAL,0
908,1803,"ARICOTA 1",0
909,1803,"ARICOTA 2",0
910,1803,SARITA,0
911,1804,PRINCIPAL,0
912,1805,PRINCIPAL,0
913,1910,"SE CAHUACHI",0
914,1715,"Sección 91",0
915,1715,"Sec. 90",0
916,1715,"Patio de Llave Principal",0
917,1715,"F y M",0
918,1715,"SE 80",0
919,1715,"SEC 70",0
920,1715,SE75,0
921,1809,Arequipa,0
922,1808,-,0
923,1811,"SE INGENIO",0
924,1810,"SE CAUDALOSA",0
925,1812,"SE LOMERA",0
926,1813,YUMPAG,0
927,1715,"Sección 75",0
928,1715,"SE 20",0
929,1815,"SANTA CRUZ I",0
930,1817,G1048,0
931,1818,"ELECTRO 75",0
932,1710,"CHOSICA TRF2 ",0
933,1710,"S.E. PEDREGAL",0
934,1710,"Santa Teresa",0
935,1710,"SUB ESTACION SAN LUIS",0
936,1710,"SET Tres Hermanas",0
937,1819,INDEPENDENCIA,0
938,1821,PRINCIPAL,0
939,1678,"CHIMBOTE 1",1
940,1714,"NIV 1940 INTERIOR MINA",0
941,1714,"PLANTA DESALINIZADORA (5° TREN)",0
942,1714,"FILTRADO DE RELAVE 2",0
943,1714,"BOCAMINA NIVEL 1970",0
944,1714,"SE CERRO LINDO",0
945,1714,"BOCAMINA PAHUAYPITE",0
946,1678,PARAMONGA,1
947,1725,"Planta CHD",0
948,1761,"PLANTA ELECTRICA TS1",0
949,1761,"PLANTA ELECTRICA T20",0
950,1761,"PLANTA ELECTRICA-TRAN.ACOPLE",0
951,1761,"PLANTA ELECTRICA T10",0
952,1761,"PLANTA ELECTRICA TS2",0
953,1761,"PLANTA ELECTRICA T30AYR",0
954,1761,"PLANTA MAYA TRANSFORMADOR #1",0
955,1761,"PLANTA MAGA T.MT #4",0
956,1761,"PLANTA MAYA T.MT #2(MY331)",0
957,1761,"PLANTA MAYA T. MONTADO ET5",0
958,1761,"PLANTA EL RONCO. T. UTILIDADES",0
959,1761,"TRITURACION EL RONCO",0
960,1761,"MOLINO CEMENTO 5",0
961,1761,"VENTILADOR FILTRO ELECTROSTATICO",0
962,1761,"PLANTA RONCO VTF",0
963,1761,"CCM HORNO 5",0
964,1761,"PRINCIPAL LINEA 5",0
965,1761,"VIA SECA",0
966,1761,VH-2,0
967,1761,"VIA HUMEDA #4",0
968,1761,"CCM MOLINO DE CRUDO",0
969,1761,"PLANTA EL BRONCO T.UTILIDADES",0
970,1761,"PLANTA RONCO. T . CCM MOL.",0
971,1761,"PLANTA EL RONCO-T.ACCIONAMIENTO",0
972,1761,N3,0
973,1761,N1,0
974,1761,"ACCIONAMIENTO PRINCIPAL MOLINO PETCOKE",0
975,1761,"VE1 TRANSFORMADOR DE VARIADOR DE FRECUENCIA NUEVO",0
976,1761,"TRANSFORMADOR PRINCIPAL 2",0
977,1826,"SE PARQUE DEL CAFE",0
978,1827,"SE LOS PINOS",0
979,1828,"SE QUIMBAYA",0
980,1826,"SE LA TEBAIDA",0
981,1829,"SE MONTENEGRO",0
982,1830,"SE CALARCA",0
983,1831,"SE EL CAIMO",0
984,1831,"SE SUR",0
985,1831,"SE PUERTO ESPEJO",0
986,1831,"SE PARAGUAYCITO",0
987,1831,"SE CABAÑA",0
988,1831,"SE ARMENIA",0
989,1831,"SE LA PATRIA",0
990,1816,"SANTA CRUZ II",0
991,1715,"SECCION 20",0
992,1697,Ranichico,0
993,1833,PEDREGAL,0
994,1832,"SAN CAMILO",0
995,1760,CHST-CAMPAMENTO,0
996,1760,L.H.S.T.,0
997,1760,C.H.S.T.,0
998,1760,C.H.S.T,0
999,1686,"SE PRINCIPAL ANTAMINA",0
1000,1839,ORCOPAMPA,0
1001,1840,MOLLEPATA,0
1002,1841,"SE ROZO",0
1003,1842,"SE PLANTA NUTRIEN COUVA",0
1004,1678,CHIMBOTE,1
1005,1678,"SE CHIMBOTE 1",1
1006,1918,"SE PLANICIE",0
1007,1678,"SE CARAPONGO",1
1008,1678,"SE TINTAYA",1
1009,1678,"SE PUNO",1
1010,1678,"SE JULIACA",1
1011,1845,CAMPAS,1
1012,1846,"SE BRASIL",0
1013,1714,"SE N 41 Bocamina nivel 1940",0
1014,1714,"SE 32 Bocamina nivel 1970",0
1015,1714,"SE 18 Bocamina nivel 1680",0
1016,1714,"SE 37 Bocamina nivel 1680",0
1017,1714,"SE 42 Bocamina nivel 1710",0
1018,1714,"SE 45 Bocamina nivel 1710",0
1019,1714,"SE 55 Bocamina nivel 1940",0
1020,1714,"SE 27 Bocamina nivel 1970",0
1021,1714,"SE 15 Bocamina nivel 1680",0
1022,1714,"SE 40",0
1023,1714,"SE 50 Bocamina nivel 1940",0
1024,1714,-,0
1025,1714,"SE 28 Bocamina nivel 1970",0
1026,1714,"SE 47 Bocamina nivel 1850",0
1027,1714,"SE 40 Bocamina nivel 1940",0
1028,1714,"SE 06 Bocamina nivel 1880",0
1029,1714,"SE 07 Bocamina nivel 1800",0
1030,1714,"SE 59 Bocamina nivel 1880",0
1031,1714,"SE 49 Bocamina nivel 1910",0
1032,1714,"SE 48 Bocamina nivel 1850",0
1033,1714,"SE 01 Bocamina nivel 1820",0
1034,1714,"SE 09 Bocamina nivel 1740",0
1035,1714,"SE 29 Bocamina nivel 1770",0
1036,1714,"SE 57 Bocamina nivel 1800",0
1037,1714,"SE 52 Bocamina nivel 1600",0
1038,1714,"SE 44 Bocamina nivel 1640 ",0
1039,1714,"SE 51 Bocamina nivel 1650",0
1040,1714,"SE 30 Bocamina nivel 1650",0
1041,1714,"SE 58 Bocamina nivel 1490",0
1042,1714,"SE 56 Bocamina nivel 1550",0
1043,1714,"SE 53 Bocamina nivel 1580",0
1044,1714,"SE 46 Bocamina nivel 1600",0
1045,1714,"SE 43 Bocamina nivel 1640",0
1046,1714,"SE 39 Bocamina nivel 1710",0
1047,1714,"SE S/N Bocamina nivel 1910",0
1048,1798,SUBESTACIÓN,0
1049,1852,CHILLON,0
1050,1688,"SE CHACPARROSAS",0
1051,1688,-,0
1052,1688,"SE San Fernando",0
1053,1688,"SE CHCPARROSAS",0
1054,1688,"SE KAROLA",0
1055,1688,"SE LPC",0
1056,1688,"SE 2190",0
1057,1688,"CENTRAL TERMICA-JASA",0
1058,1688,"CENTRAL TERMICA -JASA",0
1059,1688,"CENTRAL TERMICA-TINGO",0
1060,1688,TINGO,0
1061,1688,"SE VIJOS",0
1062,1688,"SE VIJUS",0
1063,1688,"SE CONSUELO",0
1064,1688,"SE CEDRO",0
1065,1688,"SE SANTA MARIA",0
1066,1688,"SE STANTA MARIA",0
1067,1688,"SE HUALANGA",0
1068,1715,"OFICINA ADMINISTRATIVA",0
1069,1715,"SECCION 25",0
1070,1912,"CHINCHA NUEVA",0
1071,1858,"PARQUE SOLAR PROMIGAS",0
1072,1712,"S.E. LLACUBAMBA",0
1073,1712,"S.E. TAYABAMBA",0
1074,1726,"Sub 08",0
1075,1726,Toquepala,0
1076,1726,"SE Principal",0
1077,1726,-,0
1078,1715,"PLANTA HITACHI",0
1079,1861,"SET LAS LOMAS",0
1080,1725,MALABRIGO,0
1081,1725,SUPE,0
1082,1686,"SE Entrenamiento Mina 2",0
1083,1686,"SE Tanque 06",0
1084,1686,"SE Radar Montura",0
1085,1862,"SE WARTSILA",0
1086,1766,"SE Uchuchacua",0
1087,1678,"SE SOCABAYA CTM",1
1088,1678,"VALLE PATIVILCA",0
1089,1687,UCHUCHACHUA,0
1090,1687,CUCHUCHAHUA,0
1091,1687,Uchucchacua,0
1092,1864,PRINCIPAL,0
1093,1865,TICUANTEPE,0
1094,1865,SANDINO,0
1095,1710,-,0
1096,1710,"SET BALNEARIOS",0
1097,1710,"PLANTA HITACHI",0
1098,1710,"SUB MAJES",0
1099,1710,REPARTICION,0
1100,1710,"SAT SAN ISIDRO",0
1101,1710,"SET SAN ISIDRO",0
1102,1710,"SET PRADERAS",0
1103,1710,"SET. PUENTE",0
1104,1868,"TERMOPAIPA IV - COMPAÑIA ELECTRICA DE SOCHAGOTA",0
1105,1710,"SET VERTIENTES",0
1106,1710,"SET CHORRILLOS",0
1107,1710,"SET HUACHIPA",0
1108,1710,"SET SANTA ANITA",0
1109,1710,"SET VILLA EL SALVADOR",0
1110,1710,"SET SAN MIGUEL",0
1111,1776,-,0
1112,1861,"SET COELVISAC",0
1113,1879,"SET TIERRAS NUEVAS",0
1114,1861,Ica,1
1115,1872,"SUBESTACIÓN ELECTRICA",0
1116,1715,"PLANTA HITACHI - LURÍN",0
1117,1715,"PATIO 320",0
1118,1678,"Trujillo Norte",1
1119,1706,"PLANTA LURIN",0
1120,1876,"RONATULLO II",0
1121,1875,"HUASA HUASI",1
1122,1875,HUASAHUASI,0
1123,1877,"RONATULLO III",0
1124,1874,"RONATULLO II",1
1125,1878,"TACNA SOLAR",0
1126,1861,"SET HUARANGO",0
1127,1871,"SET COELVISAC-ICA",1
1128,1881,"SE BLPC",0
1129,1882,"CARLTON SUBSTATION",0
1130,1883,PRINCIPAL,0
1131,1725,-,0
1132,1725,"PLANTA SUPE",0
1133,1725,"PLANTA VEGUETA",0
1134,1725,"PLANTA SAMANCO",0
1135,1678,"SET HUALLANCA",1
1136,1884,"ALMACEN PLANTA CEMENTOS SAN MARCOS",0
1137,1884,"SE N° 1",0
1138,1884,"SE N° 3 LADO YUMBO",0
1139,1884,"SE N° 2",0
1140,1884,"SE N° 3",0
1141,1678,"SUBESTACION CHILCA",1
1142,1678,PIURA,1
1143,1886,PRINCIPAL,0
1144,1695,CHILINA,0
1145,1695,MOLLENDO,0
1146,1888,PRINCIPAL,0
1147,1697,"SET COTARUSE",0
1148,1697,ARES,0
1149,1697,COTATURSE,0
1150,1697,PALLACANTA,0
1151,1697,SELENE,0
1152,1754,"La Joya",0
1153,1754,-,0
1154,1754,"LA JOYA-AREQUIPA",0
1155,1754,"Parque Industrial Arequipa",0
1156,1678,"SE AZANGARO",1
1157,1678,"SE AYAURI",1
1158,1814,-,0
1159,1890,"SE PAILA",0
1160,1678,"PLANTA HITACHI",1
1161,1678,"SE SURIRAY",1
1162,1678,"SE COMBAPATA",1
1163,1860,PRINCIPAL,0
1164,1894,"PARQUE SOLAR",0
1165,1895,PRINCIPAL,0
1166,1715,"Spare G161, G162",0
1167,1715,"Spare G163, G164",0
1168,1897,ALMACEN,0
1169,1901,"SE PLANTA SUZUKI PEREIRA",0
1170,1902,CHILCA,0
1171,1903,"CAJAMARCA NORTE",0
1172,1909,CHANCAY,0
1173,1911,DESIERTO,0
1174,1678,"SE CHIMBOTE 1",1
1175,1678,"ABANCAY NUEVA",1
1176,1678,"SE INDEPENDENCIA",1
1177,1710,"SET VILLA MARIA",0
1178,1919,"SE ZONA FRANCA",0
1179,1920,"SE PLANTA DE GENERACION",0
1180,1727,"MAGNETO 32",0
1181,1727,"ALMACEN-DEPOSITO DE MOTORES",0
1182,1727,"SALA 74",0
1183,1727,"S.E. SALA 73",0
1184,1727,"S.E. SOPLADORES 1",0
1185,1727,AQP,0
1186,1727,-,0
1187,1727,"S.E. Tranformador 22.9/0.22 KV",0
1188,1727,"SE Sala 11 C1",0
1189,1727,"SE SALA 8",0
1190,1727,"MAGNETO 4",0
1191,1727,Arequipa,0
1192,1727,Chancado,0
1193,1727,"Almacén Patio",0
1194,1727,"Nvas. Ofic. Óvalo China",0
1195,1727,"S.E. Sala 12",0
1196,1727,MAGNETO-004,0
1197,1727,"S.E CERRO VERDE",0
1198,1727,"S.E SULFUROS",0
1199,1727,"MAGNETO 014",0
1200,1727,"ALMACEN SAN LUIS",0
1201,1727,"S.E SALA 19",0
1202,1727,MATARANI,0
1203,1727,"S.E SALA 11",0
1204,1727,"S.E ESTACIÓN BOMBAS",0
1205,1727,"S.E Molino 3",0
1206,1727,"S.E SALA1",0
1207,1727,"SUBESTACION SULFUROS",0
1208,1727,"CHANCADO PRIMARIO S1",0
1209,1727,C-3230-XF-1031A-CP,0
1210,1727,C-3230-XF-1031B-CP,0
1211,1727,C3230-XF-1032B-CP,0
1212,1727,C-3230-XF-1032A-CP,0
1213,1727,"SE. ER-163",0
1214,1727,"SE. ELECTRICA TRANSFORMADOR",0
1215,1727,"S.E Electrica Transformador",0
1216,1727,"SE MOVIL62",0
1217,1727,"OFICINAS RELAVES",0
1218,1727,"OFICINA RELAVES",0
1219,1727,"MOVIL 62",0
1220,1727,"S.E. SALA 76 AH",0
1221,1727,"S.E. SALA 10 C1",0
1222,1712,"NV 3815 ESPAÑOLA(MINA)",0
1223,1712,"EC16 ESTACION DE BOMBA",0
1224,1712,"R2 RETAMAS",0
1225,1712,"NV1835 ESPAÑOLA(MINA)",0
1226,1712,"PLANTA MOLINO",0
1227,1712,"CC-21NV 2670 RAMPA PATRICK",0
1228,1712,"OFICINAS CONTRATAS",0
1229,1712,LLACUBAMBA,0
1230,1712,"SUB ESTACION N°190",0
1231,1712,"CASA BLANCA SUB ESTACION N°190",0
1232,1712,"BUENOS AIRES",0
1233,1712,"SAN VICENTE",0
1234,1712,"P.B /RELAVES DEGRADACIÓN",0
1235,1712,"DECANTER RELAVES",0
1236,1712,"CC-42 NV.2220",0
1237,1712,"CC-28 NV.2520",0
1238,1712,"CC-33 NV.2420 RAMPA PATRICK",0
1239,1712,"CC-39 NV 2270 RAMPA PATRICK",0
1240,1712,"CC-31 RAMPA PATRICK",0
1241,1712,"CC-37 NV.2320 RAMPA PATRICK",0
1242,1712,"CC-30 NV.2470",0
1243,1712,"P. B. / RELAVES CIANURACION",0
1244,1712,"P. B. / RELAVES FLOTACION",0
1245,1712,"ESPAÑOLA - NV 3815",0
1246,1712,"CC-41 NV. 2220",0
1247,1712,"CC-43A NV.2120",0
1248,1712,"NV.3220 PIQUE ANDRES",0
1249,1712,"CC-08 NV.2950 RB N°11",0
1250,1712,"CC-08 NV.2950 CASA GERENCIA",0
1251,1712,"CC-28 NV. 2520 RAMPA PATRICK",0
1252,1712,"CC-43B NV.2170 - RP 9143",0
1253,1712,"CC-12 NV.2870",0
1254,1712,LLACUABAMBA,0
1255,1712,"EX GOYO (LINEA Y LUCHITO",0
1256,1712,"INCLINADOS NV: 2950 CABANA",0
1257,1712,"INGRESO CABANA NV.2870",0
1258,1712,"CC-14 NV.2820",0
1259,1712,"CAMPAMENTO MINERO",0
1260,1712,-,0
1261,1712,"R.P 320 LAS CHILCAS",0
1262,1712,"CC.23 ESTACIÓN BOMBEO",0
1263,1712,"CC. 23 NV 2620 RP CHANCACO",0
1264,1712,"CC 21 NV 2670 CAL 10299",0
1265,1712,PLATAFORMA,0
1266,1712,"PLANTA PETAR",0
1267,1712,"RELAVES MANGANESO",0
1268,1712,GIGANTE,0
1269,1712,"CURVA 15",0
1270,1712,"CC-21 Xc-10301 CABANA 2F",0
1271,1712,"NV 3220 PLATAFORMA",0
1272,1712,"PLANTA CARCAMO",0
1273,1712,"TALLER MANTTO GENERAL",0
1274,1712,"CASA DE FUERZA",0
1275,1712,"P.B./ RELAVES DEGRADACIÓN",0
1276,1712,"PLANTA RH 100% RELAVE",0
1277,1712,"CC-06 Xc-10301",0
1278,1712,"NV.2950 PARRILLA",0
1279,1712,"CC-26 NV.2570",0
1280,1712,"CAMPAMENTO OBRERO",0
1281,1712,"CC-05 NV.3025",0
1282,1712,"CC-09 NV.2920",0
1283,1712,"CC-19 DDS",0
1284,1712,"RAMPA PATRICK",0
1285,1712,"CC-08 RR NV 2950",0
1286,1712,"CC-08 NV 2950 POLVORIN",0
1287,1712,"CC-19 NV 2720",0
1288,1712,"CC-26 (ZONA BEBE)",0
1289,1712,"CC-01 NV. 3175",0
1290,1712,"CC-38 NV RAMPA PATRICK",0
1291,1712,"OFICINAS CENTRALES",0
1292,1712,"CC-28 (ZONA BEBE)",0
1293,1712,"CC-26 RAMPA PATRICK",0
1294,1712,"CC-23 ESTACION BOMBEO",0
1295,1712,"RP 3220 LAS CHILCAS",0
1296,1712,"CC-24 NV.2620",0
1297,1712,"CC-35 NV.2370",0
1298,1712,"SUB ESTACION 202",0
1299,1712,"CORT. NV.3220",0
1300,1712,"NV.2870 CABANA",0
1301,1712,"CC-1 NV.3175 CORTADA",0
1302,1712,"CC-02 NV.3025",0
1303,1712,"NV.3220 LAS CHILCAS",0
1304,1712,"CV-14 NV.2820",0
1305,1712,"RB 12 NV.2950 RB XC.11404",0
1306,1712,"NV.3220 CHILCAS",0
1307,1712,"NV.3125 MILLON",0
1308,1712,"CASA GERENCIA",0
1309,1927,"SE GEN MONTE LIRIO",0
1310,1928,PRINCIPAL,0
1311,1929,PILOTO,0
1312,1761,"Tx Accionamiento Principal",0
1313,1761,"Tx Almacen 1",0
1314,1761,"Tx Almacen 2",0
1315,1761,"HOLCIM PLANTA MAYA",0
1316,1761,T3,0
1317,1686,"ALMACEN TITAN",0
1318,1686,"S.E. CHANCADORA PRIMARIA 02",0
1319,1686,"S.E. NUEVA PLATAFORMA DE SSEE FASE 10",0
1320,1686,"S.E. RADAR 02 ACOMBRADO CTC MONTURA",0
1321,1686,"S.E. NUEVA PLATAFORMA DE PALAS FASE 10",0
1322,1686,"S.E. PLATAFORMA DE ARMADO",0
1323,1686,"S.E. CHANCADORA PRZ 02",0
1324,1714,"N°15 NIVEL 1680",0
1325,1714,"NUEVA 1710",0
1326,1714,"SE 10KV NIVEL 1710",0
1327,1714,"N°58 NIVEL 1850",0
1328,1714,"N°61 NIVEL 1850",0
1329,1714,"N°17 NIVEL 1850",0
1330,1714,"N°17 NIVEL1856",0
1331,1714,"N°09 NIVEL 1740",0
1332,1714,"N°62 NEVIEL 1640",0
1333,1714,"N°63 SOCAVON",0
1334,1930,SUBESTACIÓN,0
1335,1687,"SET 202 COMPRESORES",0
1336,1687,"CASA FUERZA",0
1337,1687,"SET 22KV",0
1338,1687,"SET TONG PO (SOCAVÓN)",0
1339,1687,"PLOMOPAMPA COMEDOR OBREROS",0
1340,1687,"PLOPAMPA PARADERO HUATAJAYA",0
1341,1687,"PLOMOPAMPA COMEDOR",0
1342,1687,"C.H. PATON",0
1343,1687,TAMBOMAYO,0
1344,1725,VEGUETA,0
1345,1706,-,0
1346,1932,TIABAYA,0
1347,1933,"PLANTA TERMOVALLE - BOCATOMA",0
1348,1933,"TERMOVALLE - RIVER INTAKE",0
1349,1933,"TERMOVALLE - SUBESTACIONES PLANTA",0
1350,1933,"RESERVA - PATIO",0
1351,1934,SUBESTACIONES,0
1352,1935,"CENTRAL TERMOTESORITO - SUBESTACIÓN",0
1353,1687,ORCOPAMPA,0
1354,1687,"PLANTA LURIN",0
1355,1687,"S.E. 07",0
1356,1687,"S.E. #5",0
1357,1687,"S.E. #10 TR#01",0
1358,1687,"SS.EE. 8",0
1359,1687,"S.E. #10 TR#02",0
1360,1678,"S.E. CARABAYLLO",1
1361,1695,"CHARCANI I",0
1362,1710,"SET PACHACAMAC",0
1363,1710,"SAN VICENTE",0
1364,1710,CANTERA,0
1365,1937,CHOJLLA,0
1366,1938,"SE PRINCIPAL",0
1367,1938,"SE SIR",0
1368,1889,LURÍN,0
1369,1889,-,0
1370,1937,YANACACHI,0
1371,1874,"RONATULLO II",0
1372,1678,"LA NIÑA",0
1373,1678,"SE Chilca",0
